mention,count
PD-L1,105
IFN,99
PD-1,90
IL-1,80
RUNX1,71
TLR4,70
STAT3,70
mTOR,70
NF-B,61
CD8+,57
PI3K,57
MyD88,55
IL-10,54
BCR,54
TNF,54
IL-6,54
TLR,52
TREM2,50
CD11b,48
histone,47
PKM2,47
GATA-1,46
ETO,45
EZH2,43
PU.1,43
CD8,39
MYC,39
FLT3,38
mTORC1,37
CD4,37
p53,36
CSF-1R,36
Notch,35
NLRP3,35
MEK,34
HIF-1,34
ABL,32
HO-1,31
GM-CSF,30
AKT,30
CAR,29
anti-PD-1,28
CD14,28
MLL,27
Mcl-1,27
EVI1,27
STING,26
M-CSF,26
insulin,26
C/EBP,26
IL-12,25
GLUT1,25
CSF1R,25
IFN-,25
ERK,25
interferon,24
CXCL12,24
p38,24
Bcl-2,24
CD4+,24
MCL1,24
VEGF,24
CD34,23
CD163,23
ABL1,23
ERK5,23
ILT4,22
IL6,22
YAP,22
LILRB2,22
TLR9,22
IRAK4,22
CSF-1,22
MLL1,21
HDAC,21
VISTA,21
G-CSF,21
S100A9,21
Akt,20
CD8(+),20
MAPK,20
AMPK,20
LXR,20
CD45,19
AML1,19
Notch1,19
MZF1,19
Pten,19
MCT4,19
DOT1L,19
CD33,19
Syk,19
CD40,19
H3K4me3,18
tyrosine kinase,18
PERK,18
CXCR4,18
TREM-1,18
TRIF,17
NRF2,17
CD38,17
TLR2,17
histone deacetylase,17
FAP,17
IL-4,17
LIN28B,17
PARPi,16
PU,16
IRAK1,16
Pfkfb3,16
GSK3,16
TNF-,16
Zhx2,16
NLRP3 inflammasome,15
BANF1,15
FOXP3,15
TCR,15
NR4A,15
Cas9,15
CD206,15
CCL21,15
ASXL1,15
MYCN,15
BCAT1,15
IDO,15
H3K27me3,15
miR-21,15
JAK2,14
UTX,14
Bmi1,14
Nrf2,14
MCL-1,14
EP4,14
TFEB,14
NKG2D,14
STAT1,14
CD39,14
CHI3L1,14
SOCS1,14
CTLA-4,14
anti-CTLA-4,14
CD137,14
PDHA1,14
IDO1,14
Mll1,13
p65,13
FimH,13
histone H3,13
CXCL1,13
type I interferon,13
CXCL10,13
CD86,13
iNOS,13
ACC1,13
CXCR2,13
G6PD,13
CSF1,13
PARP,13
FBP1,13
CD73,13
Gr1,12
CBX2,12
SYK,12
TGF-,12
KMT2D,12
Toll-like receptor,12
CD34+,12
miR-3662,12
OVA,12
LAG3,12
CCRK,12
STAT5,12
hCG,12
CCL2,12
BRCA1,12
ApoA4,12
arginase,12
ATF3,12
SIRT1,12
Myd88,12
HIF1,11
HO1,11
CCL5,11
Toll-like receptor 4,11
DPP-4i,11
JNK,11
IL-2,11
FRA-1,11
SNX10,11
PKC,11
CD19,11
CD4LVFOXP3,11
HCK,11
FSTL1,11
CD163+,11
LL-37,11
IL-15,11
TLR7,11
MTOR,10
Nod2,10
NF-E2,10
CRISPR,10
FPR2,10
PTEN,10
TIGIT,10
TLR3,10
DNMT1,10
Vpx,10
A1,10
FLT3-ITD,10
Hoxa9,10
CXCL9,10
KLF4,10
miR-204-5p,10
GDH1,10
CCR7,10
TCF3,10
HOXA9,10
GATA2,10
Axl,10
IL-18,10
IFN-gamma,10
HIF-2,10
CXCL2,10
MAGL,10
Flt3ITD,10
Tollip,10
IL-34,10
Lyn,10
telomerase,10
GATA-2,10
programmed cell death protein 1,10
IFNg,9
FGFR3,9
DNMT3A,9
HER2,9
BTK,9
TGFB,9
DHODH,9
IL-4R,9
CD44v6kd,9
TRAF3,9
A20,9
tumor necrosis factor,9
LAL,9
TRAPs,9
Pellino-1,9
MCU,9
Pellino-3,9
STAT3i,9
Wnt,9
TET2,9
SAMHD1,9
CBP,9
Nectin-4,9
menin,9
CD8(+,9
anti-PD-L1,9
IDH,9
Pnpt1,9
SDC-1,9
AP-1,9
MMP-9,9
CD36,9
BCL2,9
BCL-XL,9
IRAK-1,9
TRAIL,9
FOG-1,9
ATM,9
Sfpi1,9
osteopontin,9
XBP1,9
PD-L2,9
KRAS,9
IRF5,9
TLRs,9
eIF4E,8
Ras,8
MUC1-C,8
miR-34a,8
Rab7 GTPase,8
c-Rel,8
FcR,8
Fc,8
DAP12,8
mIDH1,8
Toll-like receptors,8
PFKFB3,8
p300,8
Stat3,8
Nod1,8
c-Myc,8
TKTL1,8
Gfi1b,8
CII,8
anti-PD-1 antibody,8
IFN-I,8
CTLA4,8
IL-3,8
C/EBPalpha,8
TSG6,8
nitric oxide synthase,8
Klf4,8
miR-181b,8
Pck1,8
CCR1,8
H3K4,8
granulocyte-macrophage colony-stimulating factor,8
Mincle,8
E2F1,8
IRF8,8
Oct4,8
HMGB1,8
cGAS,8
F4/80,8
Meis1a,8
Ikaros,8
METTL16,8
ADAR1,8
RIP3,8
PANCAN,8
HLA-DR,8
IRF4,8
PML,8
PD1,8
MMPI,8
caspase-1,8
Bcl-xL,8
CCL15,8
SCD5,7
pyruvate dehydrogenase,7
Mir4435-2hg,7
HSP90,7
KrasG12D,7
syntenin-1,7
PDH,7
c-MYC,7
NR4As,7
LAP,7
ACLY,7
glutaminase,7
FOXO1,7
CD80,7
PRC1,7
DUOX1,7
Elp3,7
BCL-2,7
type I IFN,7
CD105,7
NAMPT,7
collagen,7
H3K27,7
C/EBP alpha,7
LIF,7
IgG,7
AF9,7
ACOD1,7
IRAK2,7
scl,7
GFP,7
Nudt21,7
Sca1,7
IDH1 mutant,7
GPR55,7
SIRT3,7
ILT3,7
IDH1,7
chimeric antigen receptor,7
Myosin II,7
WDR6,7
Slc2a1,7
TP53,7
EZH2i,7
FATP2,7
TRAM,7
JAK,7
interferon-gamma,7
miR-148b-5p,7
-catenin,7
MAFB,7
CLEC5A,7
MLL2,7
Mettl14,7
erythropoietin,7
MGMT,7
OSM,7
MANF,7
Trib2,7
OSMR,7
interleukin-6,7
Yap,7
miR-210,7
A-SMase,7
MIF,7
Ly6C,7
CRBN,6
cyclin D1,6
interleukin-1,6
C5aR1,6
MEOX1,6
DCAF1,6
K-ras,6
IDH2,6
OCT2,6
COX2,6
ACACA,6
ERR,6
vascular endothelial growth factor,6
NR4A2,6
TRAF6,6
IL1B,6
Trem2,6
AF4,6
Rab7,6
Cxcl1,6
EP4i,6
ABCA1,6
CD2v,6
VCAM-1,6
miR-148a,6
H3K9,6
E1A,6
NR4A1,6
FAO,6
AXL,6
MKP-1,6
MCPIP1,6
SIRT2,6
BS69,6
FAS,6
TGF,6
CSF2RA,6
GPAT1,6
BAX,6
PGK,6
LMP1,6
CCL22,6
PRMT7,6
TAM,6
LIG4,6
Dusp1,6
anti-,6
H3K27ac,6
Sox2,6
ERG,6
arginase 1,6
MLL-AF9,6
PPAR,6
Ldlr-/-,6
OX40L,6
CXCL11,6
S100A8,6
METTL3,6
CD44v6,6
Gal-7,6
KDM6B,6
FX,6
NANOG,6
CD68,6
BET,6
mutant IDH,6
MCP-1,6
TPT1,6
JAM-A,6
H3,6
Zeb1,6
Arg1,6
TCTP,6
WHSC1,6
ISR,6
ZMYND8,6
p38 MAPK,6
KDM6A,6
PAX5,6
mammalian target of rapamycin,6
RUNX3,6
GAPR-1,6
TLR5,6
IDH1/2,6
PDGFR,6
NeuroD1,6
netrin-1,6
HLF,6
ATF4,6
MIR4435-2HG,6
SOCS3,6
CD11c,6
miR-130a,6
Pax5,5
IL-27,5
DOK1,5
Ph,5
IL-23,5
Bmal1,5
Sf,5
programmed death-ligand 1,5
KMT2A,5
stimulator of interferon genes,5
RUNX1 mutations,5
C/EBPa,5
Fas,5
OSKM,5
VEGFR2,5
TGF1,5
P53,5
NHD13,5
CCR5,5
DNA methyltransferase,5
anti-CTLA-4 antibody,5
CDK4/6i,5
YY1,5
TrxG,5
anti-PD1,5
Kras,5
CDK4/6,5
Spi1,5
mTORC2,5
AHR,5
SOX2,5
MyD88s,5
LILRB,5
ITD,5
MNK1/2,5
heme oxygenase-1,5
Gal-3,5
miR-29a,5
PS1,5
bcl-2,5
TRP2,5
SerpinG1,5
NPM1(C+),5
isocitrate dehydrogenase,5
RAC1,5
CD31,5
CD47,5
NPM1,5
trastuzumab,5
CD43,5
IDH mutant,5
calcineurin,5
Gclc,5
Il6,5
IRF-2,5
PARP1,5
TAK1,5
A2bR,5
Kdm2a-/-,5
uPEP,5
pyruvate kinase M2,5
SIGIRR,5
Smad4,5
NFB,5
Pros1,5
catenin,5
PROS1,5
CD14(+,5
HIF,5
iICPs,5
IKK,5
Glut1,5
IRF7,5
BRD4,5
NFkappaB,5
p21,5
PDK1,5
miR-155,5
PRMT1,5
TBK1,5
HK2,5
CTCF,5
GSK3B,5
M2 TAM,5
NOX2,5
Basp1,5
IL27,5
miR-Let7b,5
ICAM-1,5
gp91phox,5
Mrc1(-/-),5
p75,5
AE,5
MHC,5
6PGD,5
NGAL,5
TLR8,5
H3K27Ac,5
Irf8,5
Hls5,5
LSD1,5
SRA,5
RUNX1T1,5
Gr-1,5
FAK,5
Myc,5
RAS,5
miR-145,5
UCP2,5
Wdr5,5
NFATc1,5
HIFs,5
PRL-3,5
interleukin-2,5
SPP1,5
Ucp2LysM,5
Foxp3,4
arginase-1,4
OPN,4
PLA2G4A,4
AR,4
programmed cell death protein-1,4
PHGDH,4
Gata2,4
Wnt3a,4
DNMT,4
Fzd1,4
c-Myb,4
MMPs,4
CXCL-12,4
P300,4
CD34(+,4
interleukin-4,4
HER2+,4
interleukin-10,4
CLEC5A receptor,4
Trib1,4
PLOD3,4
EP2,4
LAIR1,4
CD123,4
p90RSK,4
hPR3Tg,4
LIPG,4
AAVS1,4
nuclear factor-B,4
HSP86,4
E3 ubiquitin ligase,4
Evi1,4
Lin,4
NOTCH1,4
E2F3,4
MDR1,4
Krppel-like factor 4,4
CD19 CAR,4
programmed cell death ligand 1,4
lactadherin,4
Poly(I:C),4
HIF-1alpha,4
succinate dehydrogenase,4
E2F,4
Kdm2a,4
BAC,4
IL10,4
caspase-3,4
NFAT,4
integrins,4
mammalian target of,4
HISLA,4
CRL4,4
LTX-315,4
H3K4me1,4
Syntenin-1,4
CD4(+,4
neu,4
CaMKK2,4
hypoxia-inducible factor-1,4
KDM4C,4
-,4
PcG proteins,4
CEBPA mutations,4
CCL3,4
HSF1,4
CD1c+,4
CD4(+),4
FR,4
Flt3L,4
phospho-eIF4E,4
RT,4
laminin,4
interferon gamma,4
histone demethylases,4
Tnfaip8l2,4
MDM2,4
FLT3ITD,4
Cxcl9,4
H3K9me3,4
H3K4 methyl transferase,4
RAF,4
NOTCH,4
RAR alpha,4
Snhg9,4
SPI1,4
TGF-1,4
APP,4
M,4
S100,4
TAMs,4
PR3,4
BCRABLp210,4
AD-O51,4
LEP,4
CD34(+),4
Cre,4
Sca-1,4
SPARC,4
mPGES1,4
fibronectin,4
transketolase,4
caspase,4
histone methyltransferase,4
A2UCOE,4
histones,4
PUMA,4
NFkB,4
miR-223,4
PRC2,4
nuclear factor kappa B,4
myeloid cell leukemia-1,4
p50,4
IL-32,4
NFI-A,4
FMS-like tyrosine kinase 3,4
B7-H3,4
Ahr,4
Ly6G,4
TDO,4
dihydroorotate dehydrogenase,4
LINE1,4
A9,4
programmed cell death 1,4
CD34(,4
SPT,4
JARID1C,4
CAR-,4
WT1,4
GATA1,4
Nos2,4
sCD14,4
Cebpa,4
A2aR,4
DmiRs,4
KDM5C,4
CD14+,4
hDOT1L,4
H3K79,4
CXCL8,4
KRAS(G12D),4
CD14(+),4
lncMMPA,4
COX-2,4
PRR,3
FABP5,3
ACC2,3
Tnfaip3,3
Wip1,3
human SAMHD1,3
CDD,3
eIF4A,3
PPM1D,3
MLL fusions,3
HK3,3
DNA methyltransferase 1,3
monocarboxylate transporter 4,3
aryl hydrocarbon receptor,3
FAM-related genes,3
SIRP,3
HIST1H1E,3
SF3B1,3
SCF,3
6-phosphofructo-2-kinase,3
TSC2,3
IL12,3
interleukin 6,3
Ntn1mac,3
LC3,3
MST1,3
gp120,3
d24,3
ETS2,3
ThPOK,3
AMP-activated protein kinase,3
ERGs,3
HOTTIP,3
ERK1/2,3
HDACi,3
ALDOA,3
plinabulin,3
MtCK1,3
IGH,3
Ki67,3
protein kinase C,3
PIK3CB,3
IFNR1,3
Mettl3,3
integrin,3
ErbB2,3
R47H,3
INF-gamma,3
CD5,3
IL-1R1,3
Tyrosine Kinase,3
Mcu,3
signal transducer and activator of transcription 3,3
IFNAR,3
NPC1,3
PDK,3
PTP1B,3
JMJD3,3
phosphoinositide 3-kinase,3
transcription factor EB,3
FLT3-internal tandem duplication,3
MAF,3
HGF,3
CD18,3
Histone,3
MPC,3
low-density lipoprotein,3
Philadelphia,3
Runx1DEL,3
M1 genes,3
IL-1 receptor-associated kinase (IRAK) 4,3
GSPT1,3
Ink4a,3
CAR-T,3
dynamin,3
IL-1R,3
AURKB,3
NKG2DL,3
Smad7,3
TNFAIP8L2,3
OPA1,3
LKB1,3
LGALS1,3
colony-stimulating factor 1,3
CD52,3
MAPKs,3
ERK5 kinase,3
PDK2/4,3
GNRa,3
CD44,3
mIDH2,3
MDK,3
NOS,3
SETSIP,3
Toll-like receptor 2/4,3
Spp1,3
C/EBPs,3
Fabp5,3
COP1,3
MHCII,3
mutant IDH1,3
IL2,3
luciferase reporter,3
Ppm1d,3
miRNA-150,3
M1,3
reverse transcriptase,3
CD62Ldim,3
PDK2,3
CD16high,3
vIL2,3
SQLE,3
T-cell receptor,3
RIPK3,3
Duox1,3
alarmin,3
ROCK,3
vascular cell adhesion molecule-1,3
complex I,3
CD25,3
NRAS mutations,3
histone 3,3
spleen tyrosine kinase,3
leukocyte immunoglobulin-like receptor B,3
actin,3
SFK,3
RIP1,3
IGF1R,3
AP-1 transcription factors,3
OCT4,3
GATA3,3
HIF-2mye/-,3
AS1,3
GF,3
IGF,3
anti-PDL1 mAb,3
CCR2,3
Kdm6b,3
IRF4KO,3
hexokinase 2,3
EGFP,3
CD14hi,3
phosphatidylinositol 3-kinase,3
Ang-2,3
MBNL3,3
CD11bhi,3
BIM,3
PGC1,3
IL-,3
Hif-1,3
GCSF3R,3
IgA+,3
IgG+,3
Socs3,3
CD4+ T cell,3
gata1,3
DUBs,3
cN-II,3
Meis1,3
VEGFR-3,3
PKT,3
CAF,3
GATA factors,3
thrombopoietin,3
MEKi,3
GADD45,3
nuclear factor B,3
TF,3
CD45+,3
CD26,3
c-Kit,3
Lmo2,3
MRP-14,3
FasL,3
TNF-alpha,3
MSI2,3
PcrV,3
CXCL5,3
Hsp90,3
G6PT,3
APOE-/-,3
CD11b+,3
CDKN1A,3
Tim-3,3
CD5L,3
lal,3
GAPDH,3
DNR,3
glucose-6-phosphate dehydrogenase,3
green fluorescent protein,3
KDM1A,3
RAR,3
CDK4,3
H3K36me2,3
granzyme B,3
Epo,3
hexokinase,3
TGF-2,3
leptin,3
PIM2,3
CEBP,3
Pol II,3
IL-27R,3
GLS,3
SAA,3
CD1c,3
DNA-PK,3
IL4,3
EIF2AK2,3
STAT,3
SINE B1,3
PGK1,3
TLR7-1A,3
HLA,3
Bmi1(-/-),3
IDH1 mutation,3
Lysosomal acid lipase,3
CREB,3
DDX58,3
stem cell factor,3
Lef1,3
CCL17,3
Lal,3
Gfi-1,3
Cyclins,3
MYB,3
HER-2,3
granulocyte-colony stimulating factor,3
CDKs,3
Lcn2,3
IDH mutations,3
Artemis,3
KLH,3
FATP1,3
MZF1-AS1,3
FLT3 tyrosine kinase,2
alarmin S100A9,2
BNIP3,2
OX40,2
N1(EC),2
SF mutations,2
p70S6K,2
KDR,2
isocitrate dehydrogenase 1,2
N1,2
LSL-KrasG12D/+,2
TNFR2,2
granzyme-B,2
Immune,2
RANKL,2
FAM gene,2
PSAT1,2
tumor-specific TCR,2
IRBP,2
arginase1,2
colony-stimulating factor-1 receptor,2
PKC-,2
focal adhesion kinase,2
CBG,2
colony-stimulating factor 1 receptor,2
Fc receptor,2
glyceraldehyde-3-phosphate dehydrogenase,2
activating transcription factor 3,2
CD107a,2
oxidized LDL,2
PRC1 complexes,2
CD68+,2
interleukin (IL)-4,2
T cell receptor,2
Interferon,2
SSP,2
ANCA,2
Usp9X,2
CD8 (+),2
IKKalpha/beta,2
IPL,2
PTEN protein,2
UMLILO,2
caspase-2,2
chemokine,2
Cxcl genes,2
Brca1,2
MHC class II,2
SF,2
IDH1(m)i,2
superoxide dismutase,2
RARalpha,2
Polycomb Repressive Complex 2,2
GLP,2
G9A,2
MERTK,2
ATI,2
C/EBP-epsilon isoforms,2
MLL-,2
UVRAG,2
CD83,2
RET,2
eukaryotic translation initiation factor eIF4E,2
IPLs,2
colony stimulating factor-1 receptor,2
interferon-related genes,2
C-type lectin receptors,2
cmyb,2
IL-6high,2
92TCR,2
PSGL-1,2
LXR-S196A,2
major histocompatibility complex,2
CD4(,2
IL1,2
Junctional adhesion molecule-A,2
Glutamate dehydrogenase 1,2
CXCL3,2
GATA-,2
BCOR,2
Dnmt1,2
CD15,2
X-box binding protein 1,2
extracellular signal-regulated kinase,2
TRII,2
trxG,2
GATA,2
PD-1+,2
Arf,2
Emu-myc,2
RANTES,2
toll-like receptor,2
Ccr2,2
LDHA,2
caspase 8,2
Menin,2
URE,2
Mrc1,2
mannose receptor,2
ERK5 S496A,2
Hypoxia-inducible factor-1,2
transcription factors,2
SSP genes,2
Toll-interacting protein,2
Anti-CTLA-4 antibodies,2
CCL4,2
LILRBs,2
CAFs,2
caspase 3,2
rRNA,2
mitochondrial Hsp90s,2
NLRP1,2
macrophage Syk,2
ALDH1A3,2
ETC,2
myeloid Syk,2
MARCO,2
Nlrp3(-/-),2
p150,2
KDM6,2
HSPG,2
myeloid differentiation primary response gene 88,2
DLL4,2
CD8(,2
BCL-2 family members,2
coagulation factor X,2
DmiR,2
Interleukin-6,2
myeloperoxidase,2
transcription,2
hematopoietic growth factor,2
anti-CTLA4,2
Padi4,2
anti-CD5L mAb,2
Abl,2
bevacizumab,2
Axl receptor tyrosine kinase,2
Mek1,2
CD8 +,2
SDC2,2
TME,2
GFI1B,2
NF-kB,2
S100A9 protein,2
CEBPA,2
GFI1,2
SCD1,2
Fatp1,2
PGC-1,2
PDL1,2
SEA,2
EGFR,2
TREM2-R47H,2
IRAK4 kinase,2
Polycomb Group proteins,2
RUNX1 protein,2
Jun-B,2
IL-7,2
Mdivi1,2
RUNX1 locus,2
myeloid suppressor of cytokine signaling 3,2
M2pep,2
PD-1f/fCD4cre,2
Bcr,2
STAT6,2
Fatp1-/-,2
Hippo,2
PHICS,2
2-oxoglutarate-dependent dioxygenases,2
syndecan-1,2
ESCRT,2
protein tyrosine phosphatase,2
interleukin (IL)-12,2
tsg,2
L-asparaginase,2
K-ras-mutant,2
TGFB1,2
TKT,2
lal-,2
lysosomal acid lipase,2
DNMT3B,2
NF-jB,2
IRF,2
HbF,2
XCR1,2
CCL8,2
VEGFR-2,2
Docking protein-1,2
pu.1,2
EBP,2
HbA,2
ASNS,2
NDRG1,2
Immunoglobulin-like transcript 4,2
Rag2,2
CXCR3,2
histone proteins,2
CD8(+) T,2
dCK,2
6-phosphogluconate dehydrogenase,2
Nr4a2,2
acetyl-CoA carboxylase,2
C5aR1(+,2
MLL3,2
hydroxyphenylpyruvate dioxygenase,2
IFN-beta,2
histone demethylase,2
histone methyltransferases,2
FIP2,2
anti-PD-L1 antibody,2
H3K27me,2
GP130,2
c-Met,2
MAVS,2
Hippo kinase,2
RBCC,2
Mst1,2
pyruvate dehydrogenase kinase,2
P-TEFb kinase,2
BRCA,2
MAPKAPK2,2
PDK4,2
CCR1+,2
immunoglobulin,2
hypoxia inducible factor-1,2
IL-8,2
TCR genes,2
pMHCII,2
TR1,2
matrix metalloproteinases,2
KLF6,2
Camkk2-/-,2
CD30,2
MLL4,2
TLR7/8,2
PADI4,2
Irf8 gene,2
histone variants,2
CD11c+,2
VE-cadherin,2
Fatp1+/+,2
LCOR,2
HOX genes,2
RLH,2
HOXA10,2
HLS5,2
luciferase,2
HOXA5,2
STAB1,2
TREM2high,2
myeloid zinc finger 1,2
CD3,2
lamin A/C,2
MHC-I,2
Cxcl9 gene promoter,2
Notch ligand,2
IFN regulatory factor-8,2
SR-A,2
PTP,2
M-CSFR,2
ICAM1,2
Jmjd3,2
apolipoprotein E,2
CRP,2
A1+/-,2
arginase I,2
transcription activator-like effector nucleases,2
oncostatin M,2
Hypoxia-inducible factors,2
human TREM2,2
LMO2,2
E2A,2
SRA binding sites,2
MLL-AF4,2
miR-21myel,2
IDH1/2 exon 4,2
Endothelial lipase,2
c-myc,2
anti-Jagged,2
MI3,2
Yes-associated protein,2
AIM2,2
CD44v3,2
S100A4,2
acetyl-CoA carboxylase 1,2
Cox-2,2
macrophage FSTL1,2
SDF1,2
immunoglobulin G,2
cyclooxygenase,2
integrin 3,2
CDK,2
INK4D,2
miR-150,2
IL-12 receptor,2
DUSP1,2
GLUT3,2
FLT3-,2
CD163hi,2
type I and II interferon,2
Jagged,2
Tat,2
TREM-like genes,2
CD25(+,2
PREP1,2
Scl,2
Pbx1,2
CD25+,2
protein kinase B,2
sirtuin 1,2
FLI-1,2
Il1b,2
hDot1L,2
androgen receptor,2
CD20,2
hCDD,2
estrogen-related receptor,2
cMYC,2
hypoxia-inducible factor 1,2
TLR7-54,2
ecto-nucleotide pyrophosphatase/,2
anti,2
CSF,2
N822K-c-KIT,2
phosphodiesterases 1 and 3,2
ETS factors,2
Irf1,2
TALENs,2
NrasG12D/+,2
ZFNs,2
interleukin (IL)-10,2
p68,2
CD19(+,2
IGF2BP1,2
myeloid differentiation factor 88,2
mitogen-activated protein kinase,2
KRAB,2
CLEC10A,2
BAC-TREM2,2
M2,2
nuclear HO-1,2
KGA,2
ACC1 protein,2
p19,2
histone 3 lysine 4,2
cyclic GMP-AMP synthase,2
Mesencephalic astrocyte-derived neurotrophic factor,2
NOS2,2
"indoleamine 2,3-dioxygenase",2
V-domain Ig suppressor of T cell activation,2
Cre recombinase,2
P-p65,2
CD16,2
squalene synthase,2
GST,2
CCR2+,2
NOXA,2
let-7,2
Ldlr,2
glucose transporter 1,2
miR-148ai,2
GAC,2
TALEN,2
Aire,2
Cxcl10,2
receptor,2
interferon-,2
interferon gene,2
ITAMi,2
FcRIIA,2
"Indoleamine 2,3-dioxygenase",2
Yamanaka factors,2
RepSox,2
HDL,2
CD33+,2
T cell immunoglobulin mucin-3,2
NGF,2
CTX-R,2
GAMs,2
Ph+,2
Pparg locus,2
ASS1,2
TMED7,2
anti-CSF-1R antibody,2
cytidine deaminase,2
Brn4,2
IRF-1,2
Gr1+,2
c-MYB,2
rmIL-12,2
Ccl19,2
Mutant IDH,2
FA,2
TCF1,2
TREM2- R47H,2
PIR-B,2
CLEC4A,2
daratumumab,2
KPC,2
IL-17,2
hypoxia-inducible factors,2
VEGF(myel),2
Monoacylglycerol lipase,2
CD8R,2
IL-33,2
myeloid transcription factor,2
RB6-8C5,2
STAT5A,2
poly (ADP-ribose) polymerase,2
MPL,2
SASP,2
GATA-1 promoter,2
PU.1 gene,2
macrophage CSF,2
G6PDH,2
OCT3/4,2
pseudo serine/threonine kinase,2
vascular cell adhesion molecule 1,2
MAGL(Hep-/-),2
blinatumomab,2
phosphoinositide-dependent kinase-1,2
TADC,2
H3K27me3 targets,2
iKIR,2
BCRP,2
CD4+ T,2
granulocyte colony-stimulating factor,2
Galectins,2
MHCI,2
HP1a,2
ccl5,2
p62,2
TIRAP,2
cMpl-/-,2
Heme oxygenase-1,2
Osm,2
Pol I,2
RUNX3 transcription factor,2
Hematopoietic Cell Kinase,2
MEIS1,2
PRC,2
CD40Lhigh,2
KIRC,2
LIN28,2
Cxcl2,2
CD4 gene,2
Wfdc17,2
miRNA-150 target sequences,2
lin,2
CD209,2
SIRT3 deacetylase,2
NR4A3,2
CD5L protein,2
galectins,2
Nanog,2
ubiquitin,2
hemoglobin,2
GLUT9,2
p53(-/-),2
MHC-II,2
URAT1,2
Tribbles homolog 2,2
matrix metalloproteinase,2
EPS15,2
ARG1,2
Tspan8,2
ICER,2
-SMA,2
chimeric antigen receptors,2
CSF1 receptor,2
bFGF,2
N-CoR,2
DDIT4,2
H-ras(G12V),2
SiglecF,2
CSP12,2
Flt3,2
CD103+,2
Toll,2
HuR,2
Caspase9 suicide gene,2
NFI-A protein,2
Ago1,2
Nox2,2
C-MYC,2
programmed-death-ligand-1,2
TSG6+/+,2
Fcrls,2
triggering receptor expressed on myeloid cells 2,2
TNF-stimulated gene-6,2
IL8,2
GLUT,2
CD64,2
pyrophosphatases,2
BCR-,2
CD8+ T cell,2
Foxp3(+),2
RUNX1 gene,2
Esrra(-/-),2
P2ry12,2
Caspase9,2
Interleukin-10,2
histone H4,2
MPC1/2,2
CCL7,2
Csf2rb,2
ADH1,2
CD19+,2
MMP,2
vIL-2,2
JmjC,2
H2 receptors,2
PAX-5,2
Anti-,2
Tnf,2
Jumonji C,2
Mac-1,2
Lkb1,2
lactate dehydrogenase A,2
cytotoxic T lymphocyte antigen-4,2
Socs1myel,2
KEAP1,2
Tmem119,2
ATG10rs1864182G allele,2
ATG10 SNPs,2
nitric oxide synthase 2,2
AdvSca1,2
transcription factor NF-E2,2
NUP98,2
SDH,2
p38/,2
Pdp1,2
Ctss,1
Il7r,1
p21TD-Mos,1
acetyl CoA carboxylase 1,1
1R,1
cyclin-dependent kinase,1
death,1
Dectin-3,1
Synthetic Isocitrate dehydrogenase 1 and 2,1
p-Syk,1
HIF-1 target genes,1
PKM2 (,1
Signal-Regularity Protein,1
NE,1
p21TD,1
Cd79b,1
Lgals3,1
Nr4a1,1
FMS kinase,1
high affinity IgE receptor,1
Mannose Receptor,1
Oncogenic IDH1 Mutation,1
C-type lectin receptor,1
Elane,1
IDH1 mutant inhibitor,1
PI3(+,1
type-I IFN,1
CD35,1
mannose receptor C-type 1,1
monocyte chemokine receptor,1
CD99,1
Fcgr2b,1
2-M-Cxcl9,1
TAAs,1
interleukin seven receptor,1
macrophages cytokine receptor,1
Csf1r,1
Cd79a,1
ubiquitously transcribed tetratricopeptide repeat on chromosome X,1
Fcer1g,1
TET2 mutations,1
classical and nonclassical MHC molecules,1
Egfrviii,1
Hck,1
IL-9,1
Colony-stimulating factor-1 receptor,1
PTCL-TFH,1
type I single transmembrane protein,1
phenylalanine hydroxylase,1
fatty acid-binding protein 5,1
Complement receptor C5aR1,1
antiprogrammed cell death protein-1,1
C5aR1(+),1
CALR,1
DRs,1
IDH2 mutations,1
RHOA,1
Toll-like receptor 7 and 8,1
TNF-related apoptosis inducing ligand,1
NUP98 fusions,1
HOXD13,1
IFN1high,1
VEGFA-derived peptide sequences,1
R848,1
Glycogen Synthase Kinase 3 Beta,1
granzymes,1
CALR MUT MPN,1
Hydroxyphenylpyruvate Dioxygenase,1
CALR mutant,1
colony-stimulating factor-1,1
Interleukin-34,1
IL-10low,1
STATs,1
FOSL2,1
Cd274,1
FLT3 internal tandem duplication,1
CALR mutations,1
CTSK,1
Midkine,1
CD41(+,1
DR,1
DNMT3A R882 mutation,1
membrane T cell receptor,1
interleukin-18,1
interleukin-1 beta,1
Polyribonucleotide nucleotidyltransferase 1,1
mutant (MUT) CALR,1
CR1,1
CDKN1B,1
mitochondrial ribosomal proteins,1
glucose transporter type 1,1
Arg1 (+,1
TGF- type II receptor,1
EZH2H,1
PRAME,1
leukemia-associated antigens,1
LKB1 mutations,1
NFKB2 gene,1
triggering receptor expressed on myeloid cells-1,1
CD1c(+),1
Il6 -/-),1
BiP chaperone,1
PCSPB,1
TGF-RII,1
wild-type Dnmt3a,1
SIGLEC1,1
lactate dehydrogenase,1
Zbtb7b,1
SUMO-binding sites,1
PCSPA,1
wild-type DNMT3A,1
C-C motif chemokine receptor,1
IgA,1
Toll-like receptor 9,1
CCCTC-binding factor CTCF,1
Calreticulin,1
LAAs,1
Brain abundant membrane attached signal protein 1,1
SUMO,1
Myeloid Zinc Finger 1,1
Platelet-derived growth factor C,1
NAFL,1
TSKs,1
TLR9 gene,1
MIZ1,1
ApoE(-/-,1
UnaG reporter,1
Niemann Pick C1,1
NFKB2 promoter,1
p95ErbB2,1
IgA(+),1
cKit,1
Nucleophosmin 1,1
DNA methyltransferase 3A,1
DNMT3A R882H,1
Dnmt3a R878H mutation,1
Galectin-1,1
SPP1(+),1
IL7R (+,1
pleiotropic growth factor,1
extracellular regulated protein kinases,1
proinflammatory interferon transcription factors,1
4-M-Cxcl2,1
CD49d,1
mitochondrial antiviral-signaling protein,1
"NOD-, LRR- and pyrin domain-containing 3",1
G protein coupled receptor,1
blood syntenin-1,1
ST SDC-1 transcriptome,1
IL-5R,1
ApoE,1
PDZ1,1
RAPTOR,1
SDC-1(-/-),1
RANK,1
TSN,1
"indoleamine 2,3-dioxygenase 1",1
VISFATIN,1
CD45RO,1
Ifnar1-/-,1
mitochondrial complex I protein,1
PDGFC,1
PDGF receptor beta,1
PDGFs,1
interferon alpha and gamma,1
CD62L,1
selectin,1
myeloid-specific lamin A/C,1
Ndufs4,1
TAA,1
PTPN11 mutation,1
myeloid trigger receptor-2,1
TREM2(+),1
PTN,1
ANGPTL,1
CCL3/6/8 receptor,1
CCNF,1
peroxisome proliferator-activated receptor-gamma,1
PD-1f/fLysMcre,1
SIGLEC10,1
Lin-Sca,1
lamin A,1
/C,1
TGF ligands,1
Ccl3,1
Ccl6,1
CTCF binding sites,1
DOK1 protein,1
Cebpd,1
albumin,1
E2F transcription factor 1,1
MF9,1
asparagine synthetase,1
EVI1+,1
DOK1 mRNA,1
BCAT1-2,1
opioid receptor,1
leukocyte Ig-like receptor subfamily B (LILRB) proteins,1
hematopoietic,1
PI3k,1
CSF-1R siRNA,1
PDK-1,1
HOTTIP lncRNA,1
HOX gene,1
HOXA,1
homeotic,1
Gprc5a genes,1
DOK1 (i),1
Cebpe,1
Opioid receptor,1
Pdcd1 gene,1
MZF1-uPEP,1
Yin,1
Yang 1,1
colony stimulating factor-1,1
programmed-cell-death-ligand-1,1
ovalbumin,1
TR,1
oncogenic signal transducer and activator of transcription 3,1
PD-1f,1
Ldlr -/-,1
nicotinamide phosphoribosyltransferase,1
RIG-I-like helicases,1
Nestin,1
Gc,1
laminins,1
alkaline phosphatase,1
Ptf1a-Cre,1
Socs1,1
hypoxia-inducible factor,1
Tnfa,1
type I interferons,1
DOK1+,1
p53fl/,1
R172H,1
RLH-ligand,1
phosphoglycerate kinase 1,1
FGFR 1-4,1
truncated WT1 antigen,1
Ifnar1,1
angiopoietin-2,1
tyrosine-kinase receptors,1
FLT3 mRNA,1
nucleotidases cN-II,1
cytarabine activating kinase,1
IFN-2,1
Angiopoietin-2,1
Csf3r,1
Interleukin-12,1
pyrroline-5-carboxylate reductase 1,1
interleukin-12,1
CD8 T,1
proline synthetic genes,1
MZF1 antisense RNA 1,1
MZF1-,1
L-asp,1
FLI1,1
VEGFR 1-3,1
CD57,1
Gprc5a,1
program,1
"IFN-,",1
CD45hiCD11b,1
CD45loCD11b,1
fA,1
MMP-2,1
HSPC,1
Signal transducer and activator of transcription 3,1
(PD)-1,1
Ecotropic Virus Integration site 1 protein homolog,1
PD-ligand (L)1,1
TIMP)-2,1
PARP-1,1
TIMP-2,1
EWS,1
transcription factor,1
aldehyde dehydrogenase 18 family member A1,1
MHC-I antigen,1
glycogen synthase kinase 3 beta,1
Oncogenic Kras,1
M2 membrane markers,1
KIT,1
phospho-ERK1/2,1
p38 prime,1
MAPK activated protein kinase 2,1
IL-21,1
calreticulin,1
checkpoint protein,1
RANKL monoclonal antibody,1
mitochondrial creatine kinase 1,1
splice-factor,1
U2AF1,1
high-eIF4E,1
SF proteins,1
SFs,1
G12D,1
miR-132,1
HK1,1
intercellular cell adhesion molecule 1,1
extracellular-signal-regulated kinase (ERK) 1/2,1
fibrillar A,1
KRAS (G12D) mutation,1
Kras (G12D) mutant,1
Kras (G12D),1
mutant Kras,1
receptor activator of nuclear factor-B ligand,1
Poly (ADP-ribose) polymerase,1
m(6)A methyltransferase,1
Gprc5a-,1
MAPK target gene,1
nuclear receptor subfamily 4 group A member 2,1
Nr4a2+/-,1
CX3CR1+,1
Nr4a2fl/flCx3cr1Cre,1
Ccl8,1
catalase,1
fibrin,1
DC1 gene promoter regions,1
RNS,1
human IL-1,1
isocitrate dehydrogenase isoform 1,1
LT,1
mitochondrial isocitrate dehydrogenase isoform 2,1
lactate and malate dehydrogenase,1
wild-type IDH1,1
DC1 genes,1
Jagged1 gene,1
I3E,1
granulocyte macrophage,1
PI-3 kinase gamma,1
Gal-7 protein,1
LGALS7 mRNA,1
BCAT2,1
poly(ADP ribose) polymerase,1
YAP siRNA,1
DNMT3A R882C mutation,1
CD5(+,1
TGF-(1),1
Notch ligand delta-like 1,1
Lgals7(-/-),1
myeloid membrane proteins,1
Galectin-7,1
galectin-7,1
-galactoside-binding protein,1
Lgals7(-,1
squalene monooxygenase,1
Dnmt3a,1
SUMO E1,1
YAP gene,1
OX40hi,1
enhancer of zeste homolog 2,1
agonistic -CLEC5A antibody,1
Dnmt3aR878H/WT,1
NrasG12D/WT,1
anti-CSC antibody,1
Cxcl-1,1
NHS,1
Colony Stimulating Factor-1 Receptor,1
Asxl1loss,1
isocitrate dehydrogenase 2,1
IFN-),1
macrophage-derived chemokine,1
hyaluronan synthase 2,1
T cell immunoglobulin,1
CCL2(+),1
ETFB,1
C-Type lectin receptor 5A,1
BRAF,1
G6pt(-/-),1
G6PT gene,1
G6PT(-,1
PKR-like endoplasmic reticulum kinase,1
LSL-KRAS(G12D),1
peroxisome proliferator-activated receptor-,1
oncogenic Nras,1
EZH2 Mutants,1
G6PT(-/-),1
G6PT(-/-,1
Syk-),1
anti-TIGIT,1
ASXL1 mutations,1
ASXL1 mutation,1
JmjC Domain-Containing Proteins,1
pyrvinium blunted protein,1
TP53(f/f),1
B-cell lymphoma 2,1
immunoreceptor tyrosine-based inhibitory motif domain,1
nerve growth factor,1
CLEC5A gene polymorphisms,1
Ngf,1
Pdgfra(+,1
Interleukin-1 Receptor Associated Kinase-4,1
p48,1
poly(ADP-ribose) polymerase,1
Hk2,1
interferon gamma (,1
SQSTM1,1
Csf1,1
"galectin-1, -3, -8, and -9",1
Marcksl1,1
Clec4e,1
Lcn2 promoter,1
autoimmune regulator,1
ASC,1
Suppressor of cytokine signaling,1
Col1a1,1
galectin,1
HLA-DR(+,1
Abelson,1
formyl peptide receptor,1
2-TNF-2,1
etanercept,1
PIM,1
CD141(+,1
activating protein 1,1
Gls,1
intramuscular collagen,1
BRCA-1,1
Toll-like receptor 7,1
thymus and activation chemokine,1
Transforming Growth Factor-Beta,1
SMAD signalling proteins,1
transketolase-like-1,1
Glucose-6-phosphate Dehydrogenase,1
B-Cell Transforming growth factor-beta,1
TARC,1
CPT1A,1
TLR1/2,1
AP1,1
antitumor,1
HPDL,1
IDH3A,1
MDC,1
p21Cip1,1
CLEC9A,1
MHC-I molecules,1
Oncostatin M,1
GATA2 variants,1
GCLC,1
methyltransferase enhancer of zeste homolog 2,1
PcrV protein,1
immunoglobulin heavy-chain gene variable region,1
KDMs,1
rapamycin complex 1,1
Oncostatin M Receptor,1
Interferon Gamma,1
Osm(-/-),1
smooth muscle actin,1
H3K27 histone methyltransferase,1
glutamate-cysteine ligase,1
IGVH,1
mammalian target of rapamycin-1,1
c-Myc transcription factors,1
Programmed cell death-1,1
miR-17/92 cluster,1
Cebpa gene,1
OP9-DL1,1
Lipocalin 2,1
PREP1 factor,1
HIIF1,1
B-cell lymphoma-extra large,1
Lipocalin-2,1
Luc,1
Homeodomain transcription factors,1
Prep1 proteins,1
TALE (Three Amino acid Loop Extension) family,1
Interferon gamma,1
Fosl1 gene,1
IFN-g,1
TLR2/1,1
FoxP3+,1
CD86+,1
eIF2,1
Cebpa +37kb enhancer,1
Fibrin,1
DNA Damage Inducible Transcript 4,1
PyMT,1
interleukin (IL)-6,1
peroxisome proliferator-activated receptor gamma coactivator 1,1
Arginase+,1
Bruton's tyrosine kinase,1
anti-PD-1 monoclonal antibody,1
pembrolizumab,1
4T1,1
TLR4loxP/loxP,1
tumor necrosis factor alpha,1
neutrophilic TLR4,1
TNF-),1
CD155,1
Asxl1-/-,1
HIF1high,1
Asxl1,1
TLR4loxP,1
tyrosine kinases,1
ROC1,1
MPO,1
Interleukin-27,1
DPP-4,1
4-1BB,1
CD137 Bicycles,1
Nectin-4 Bicycle,1
anti-CD137 antibody,1
CD8-,1
dipeptidyl peptidase-4,1
TIGIT receptors,1
GLUT+,1
Lyz-cre,1
peroxisome proliferator-,1
hormone receptor,1
PD-L1/L2,1
CD80/86,1
Jun,1
Ddit4 mRNA,1
mitogen-activated protein kinase kinase,1
transforming growth factor-beta,1
interleukin 1 beta,1
BRCA1mutated,1
WDR,1
WD-repeat,1
BCL2 family members,1
prostate-specific phosphatase and tensin homolog,1
myeloid 6-phosphofructo-2-kinase,1
"fructose-2,6-bisphosphata 3",1
BAD,1
Interleukin 12,1
Follistatin-like protein 1,1
FA-,1
CUL4A,1
Trp53 (-/-),1
Pten (-/-),1
Trp53,1
Brca1 (-/-),1
type 1 interferon,1
hif1,1
CD4Th2,1
anti-TIM3 antibodies,1
"indoleamine 2,3 dioxygenase",1
MICA/B,1
BRCA1 mutation,1
CCL28,1
small nucleolar RNA host gene 9,1
CCAR2,1
S100-alarmins,1
S100A9ko,1
Natural Killer (NK)-activating ligands,1
PTENgenes,1
forkhead box protein P3,1
ASFV CD2v,1
G-protein coupled receptor formyl peptide receptor 2,1
Anti-CD5L mAb,1
TIM3,1
CXCR2+,1
FA-TLR7-1A,1
CCR10,1
AQP3,1
Irf1 promoter,1
African Swine Fever Virus Envelope Glycoprotein CD2v,1
DDB1,1
CSF2RA small,1
KMT6A,1
HDC,1
SMPDL3A,1
envelope glycoprotein,1
Ldha,1
PD-ligand 1,1
hematopoietic receptor superfamily member,1
ICAM-,1
mitochondrial pyruvate carrier 1/2,1
pyruvate carboxylase,1
Mafb,1
scavenger receptor A,1
IFN-associated gene,1
anti-PD1 antibodies,1
Avian Musculoaponeurotic Fibrosarcoma Oncogene Homolog B,1
KRAS(G12D) mutation,1
Cebpa-enhancer,1
glucose transporter 3,1
monocyte-derived interleukin-6,1
histone3 lysine27 demethylase,1
Sirpa,1
PC,1
mixed lineage leukemia protein-1,1
KRAS(G12D) mutant protein,1
IL-13,1
SLC2A3,1
lung immunoglobulin,1
pyruvate kinase muscle 2,1
Mye-/-),1
MAGL(Mye-/-),1
myeloid differentiation factor 2,1
toll-like receptor 4,1
programmed cell death protein (PD)-1,1
ZHX2,1
Human TREM2-R47H,1
Mye-/-,1
Triggering Receptor Expressed on Myeloid Cells 2,1
MAGL(,1
human TREM2 gene,1
transposase,1
key lineage transcription factor,1
chimeric,1
MAGL(-/-,1
interferon receptor antibody,1
signal-regulatory protein alpha,1
peroxisome proliferator-activated receptor,1
syndecan1,1
synthase,1
branched-chain amino acid (BCAA) transaminase 1,1
PKM,1
anti-CD47,1
galectin-9,1
C/EBP promoter,1
Triggering receptor expressed on myeloid cells 2,1
mitochondrial pyruvate carrier,1
MVAE5R,1
RF,1
receptor-interacting protein kinase 3,1
SREBP2,1
HMGCR,1
RXR,1
protein-tyrosine phosphatase zeta,1
rheumatoid factor,1
monocarboxylate symporters,1
c-reactive protein,1
Mst1-/-,1
RA,1
SDC-1 antibody,1
RAG,1
SDC-1(-,1
vaccinia E5R gene,1
CSF-1R-siRNA,1
v-Maf,1
raf,1
CDC25A,1
CXCL16,1
CD8(+) T cell,1
VSSP,1
S100a4,1
FK,1
COX,1
Atf3,1
Ptgs2,1
PGE2 receptor,1
TP53-mutant,1
myeloid cell MANF,1
myeloid-specific MANF gene,1
FLT3-mutated,1
PIM2 kinase,1
NF-,1
OSM receptor,1
OX40hiCCR8hi,1
tyrosinase,1
Pdx-1Cre/+,1
SLC3A2,1
cystine-glutamate,1
glutathione peroxidase-4,1
Macrophage CD5L,1
recombinant CD5L,1
electron,1
TNF locus,1
Trp53R172H/+,1
LAMP3 +,1
(PIM2),1
RGS5+,1
OSM axis,1
Hippo Kinase,1
Gata2 mutations,1
CCSP(Cre),1
anti-CD163,1
anti-CD4,1
anti-FOXP3 antibodies,1
Liver X Receptors,1
SLC1A5,1
MAPK-pathway gene,1
IKZF1,1
ETV6,1
interphotoreceptor retinoid-binding protein,1
macrophage CD5L protein,1
GPX4,1
macrophage spleen tyrosine kinase,1
"Toll-like receptors 2, 4, and 9",1
ras mutant,1
LSL-K-ras(G12D),1
RGS5,1
"TLR2, 4, and 9",1
"TLR 2, 4, or 9",1
extracellular signal-regulated kinase 5,1
NFE2-related factor 2,1
CD11b integrin,1
p65 protein,1
SRSF2 mutations,1
RAS-genes,1
NPM1 mutations,1
Dual-luciferase,1
cholesteryl,1
Src tyrosine kinases,1
anti-ALDOA,1
ACTA2,1
C/EBPA,1
translation initiation factor eIF4a,1
Laminin subunit beta-2,1
recombinant HMGB1,1
eIF4F complex,1
eIF4A1,1
tyrosine kinase domain,1
ZEB1,1
tumor suppressor p53,1
insulin receptors,1
Aurora kinase B,1
interferon response factor,1
AP-1-targeted loci,1
POSTN,1
cyclic AMP response binding protein-binding protein,1
E1A-,1
ACC1 mutant,1
cardiac GPR55,1
anti-ILT3,1
Lamb2,1
hexokinases-3,1
LPSlow,1
lymphocyte-associated antigen-4,1
intercellular adhesion molecule,1
anti-PD-1 antibodies,1
c-jun N-terminal kinase,1
jumonji domain containing-3,1
histone 3 Lys27 (H3K27) demethylase,1
PCV2 capsid protein,1
cre,1
recombinant alarmin HMGB1,1
interleukin,1
E3 ubiquitin,1
EP2 receptor,1
Eukaryotic initiation factor 4A,1
heat shock factor 1,1
bromodomain and extraterminal domain (BET) proteins,1
NRAS mutant,1
IL-1 beta,1
cannabinoid receptors,1
cannabinoid-sensitive receptor GPR55,1
GPR55-/-,1
proprotein convertase subtilisin/kexin type 9,1
6E10+,1
Cas9 protein,1
heterochromatin protein 1,1
Krppel-associated box,1
MS2 coat,1
CRISPR complex,1
Myeloid differentiation primary response 88,1
MS2,1
PCSK9,1
TP53 mutations,1
endogenous Myd88,1
Myd88 transcript,1
hepatocyte-intrinsic cell cycle-related kinase,1
NKT,1
nuclear factor-kappa B,1
hepatic CCRK,1
Cereblon,1
RNA polymerase I,1
Ifnar,1
type I interferon- receptor,1
Type I interferon,1
mTOR complex 1,1
Anti-PD-1,1
anti-programmed death-1,1
anti-CD68,1
Bcl-2/xL,1
PDGFRA+,1
ILT3-specific antibody,1
CCL20hi,1
CD163lo,1
CCL20lo,1
APOE,1
ACKR1,1
Mitogen-activated protein kinases,1
MAPK phosphatases,1
MKPs,1
major immediate early promoter/enhancer,1
NAD+glycohydrolase,1
major histocompatibility,1
AML,1
DAM,1
GCN2,1
Src family members,1
Monocarboxylate Transporter 4,1
pAKT,1
Irf4,1
Eomes,1
CTLA4+,1
NRP-1,1
anti-CD25,1
anti-CD137,1
gasdermin D,1
non-receptor tyrosine kinase,1
IRF8KO,1
ATG10 Are,1
ATG10 gene,1
ATG10rs3734114C allele,1
breakpoint cluster region,1
CXCL13,1
ATG10 genetic variants,1
Heme Oxygenase-1,1
Il10,1
Interferon regulatory factor-4,1
Rag2-/-,1
LILRB4,1
EP receptors,1
IL-35,1
Ikaros zinc-finger,1
IKZF,1
Aiolos,1
IkZFs,1
cyclooxygenase (COX)-1/2,1
E-type prostanoid receptors,1
EP1-4,1
COX-1/2,1
IGL,1
EP4 receptor,1
interleukin (IL)-2,1
anti-CD3,1
Tribbles proteins,1
E3 ubiquitin ligases,1
IDH mutation,1
peroxisome proliferator-activated receptor- coactivator-1,1
Blinatumomab,1
ras-related protein 1,1
Rap1,1
miR-21-5p,1
Cap,1
miR,1
general control nonderepressible 2,1
Il12b,1
Dusp-1,1
Apoe-/-,1
COXs,1
MicroRNA-21,1
insulin receptor,1
NHE1,1
CD206loCD64hi,1
Fibroblast activation protein,1
FAP+,1
fibroblast activation protein,1
Toll-like receptor ligands,1
HIF1A,1
tumor necrosis factor-,1
Fibronectin,1
Immunoglobulin-like transcript 3,1
miR-21 locus,1
microRNA-21,1
MCT4-related genes,1
CD206hiCD64lo,1
HMTs,1
PPIns,1
PIP4K2A,1
MLP,1
CCL2 transcripts,1
miR-486-5p,1
Abca1,1
dihydrofolate reductase,1
anti-FcRIIIB-,1
antigen,1
transcription factor PU.1,1
anti-FcRIIIB-antigen,1
anti-FcRIIIB,1
GBM,1
macrophage HIF isoforms,1
interferon regulatory factor,1
myeloid HIFs,1
MerTK,1
myeloid HIF-1,1
BKO,1
Ly6ChighCCR2+,1
melanocytic antigens,1
NGFR,1
type-I interferon,1
programmed cell death ligand-1,1
YTHDF1,1
SPRED2,1
Fcr3a,1
interferon I,1
TGF-),1
miR-148b-,1
leishmanolysin,1
Stat6,1
H3K36,1
uncoupling protein 2,1
Uncoupling protein 2,1
Tyrosine kinase,1
Folate Receptor Beta,1
folate receptor beta,1
ATPIF1,1
MHC-IIhi,1
SATB1,1
CD117,1
B7 family,1
P-selectin glycoprotein ligand 1,1
G-protein coupled receptors,1
GPCRs,1
HDMs,1
LysM-Cre-,1
Kdm2af/f,1
nuclear p50 NF-B,1
ApoE-/-,1
c-KIT,1
gp63,1
anti-CD38 monoclonal antibodies,1
anti-CD38 antibodies,1
Galectin-3,1
anti-OX40 antibody,1
aOX40,1
galectin-3,1
BHMT,1
IgG Abs,1
IgG immune complexes,1
argininosuccinate synthetase 1,1
ectonucleotidase CD39,1
Ucp2fl/fl,1
mgll,1
E3 ligase adapter protein,1
IL-4 complexes,1
DR5,1
ARG-1,1
FOXP3+,1
LDH,1
IgG subclasses,1
MCT,1
thioredoxin,1
TRX,1
NF-E2-related factor 2,1
DNA-methyltransferases,1
hematopoietic master regulator,1
FMS-like tyrosine kinase 3 gene,1
ENTPD1,1
belapectin,1
CD117-Positive,1
ETO gene,1
PD1+,1
IgG2,1
IgG3,1
IgG1,1
FcRs,1
Rel,1
transforming growth factor-1,1
connective tissue growth factor,1
RelLysM,1
low-density lipoprotein receptor-related proteins,1
Spleen tyrosine kinase,1
MEK kinase mutant,1
CD123+,1
mutant KIT,1
growth factor receptors,1
Mcu-/-,1
prostaglandin E2 (PGE2 ) receptor 4,1
TCR repertoire,1
oncogenic MYB complexes,1
C/EBP family members,1
Histone methyltransferase KMT2D,1
ecto-ATPase,1
ADPR cyclase,1
Histone Methyltransferase KMT2D,1
CI,1
NADH dehydrogenase,1
CIV,1
cytochrome c oxidase,1
Ucp2,1
Ucp2fl,1
P2RY13,1
v3 integrin,1
Toll-like receptor-2 and -4,1
endosomal TLR7,1
SLC22A12,1
SLC2A9,1
CD41+,1
CD69,1
CD103,1
CX3CR1hi,1
CD206hi,1
ABL proto-oncogene 1,1
histone methylation,1
LYL1,1
Gpr34,1
IGFBP5,1
insulin growth factor,1
folate receptor,1
M1-associated IRFs,1
integrin v3,1
HIF1i,1
R837,1
Olfml3,1
Siglech,1
histone methylome,1
Chimeric,1
CD269,1
CD23,1
SLAMF7,1
AMT,1
Chimeric antigen receptor,1
CD123 CAR,1
DMNT3a,1
miR-29,1
ABCG2,1
CXCR3hi,1
FA-TLR7-54,1
erythroid transcription factor,1
Bo1,1
v3-MI3-PD,1
Heme Oxygenase 1,1
KMT2D Mutant,1
IFN-II,1
(N822K) KIT protein,1
FGFR1,1
Dual oxidase 1,1
isocitrate dehydrogenase mutations,1
interleukin-8,1
anti-PD-,1
anti-VEGF/R,1
Fibroblast growth factor receptor 3,1
VEGF/,1
MYB transcriptional co-activator complex,1
MYB complexes,1
vitronectin receptor,1
ASH2L,1
H2Bub,1
wild-type MLL,1
Dual oxidase (DUOX) 1,1
Kmt2d,1
T,1
BCR gene,1
Heme oxygenase 1,1
p210,1
p190,1
P210 isoform,1
MYB complex,1
NMDAR,1
p190 isoform,1
nucleophos-min-1,1
TLR4 sorting,1
PHB1,1
"fructose-2, 6-bisphosphatase",1
PRAGM-related gene,1
irf4,1
irf8,1
OriLyt,1
Rab11 family interacting protein 2,1
HIF-1-stabilizing lncRNA,1
HIF-1-stabilizing long noncoding RNA,1
PHD2,1
STAT-,1
STAT-3,1
mixed lineage leukemia protein 1,1
genes,1
actin-regulatory GTPases,1
miR-125b,1
ITD-R,1
MSR1,1
GRP94,1
Cdc42,1
KRAS(G12D,1
calcium/calmodulin-dependent kinase kinase,1
Pyruvate Dehydrogenase Kinase,1
NOD-specific ligand,1
il6,1
FLT3/,1
STAT5 transcription factor,1
p50 NF-B,1
Rab11-family interacting protein 2,1
TOM20,1
IRAK2 kinase,1
TIMM50,1
transforming growth factor-b (TGF-) family ligands,1
PGE2 receptor EP2,1
FLT,1
CD3+,1
poly(ADP-ribose) polymerase 1,1
hepatic nuclear factor (HNF) family members 1a and b,1
fatty acid transport protein 2,1
MRC1,1
CD204,1
PPARG,1
JUN,1
NFKBIA,1
SFTPA1,1
ITGAM,1
Fatty acid transport protein 2,1
tnf-,1
atezolizumab,1
immunoglobulin D,1
WD repeat-containing protein 5,1
cell cycle-related kinase,1
Ccrk,1
4E-,1
BP1,1
S6K,1
SREBP1,1
G-csf,1
immune gene-priming lncRNAs,1
WDR5,1
mevalonate kinase,1
TNFhigh,1
NOS2low,1
anti-CD11b antibody,1
CR3,1
PHB,1
large tumor suppressor 1,1
PCGF1,1
Polycomb group (PcG) proteins,1
PRC1.1,1
BCLRL1,1
BCL6 corepressor,1
KDM2B,1
Peptide-major histocompatibility complex class II,1
BCL6,1
anti-programmed death-1-ligand-1,1
NLR Family,1
Pyrin Domain Containing 3,1
yes-associated protein,1
miR-146,1
NLR family pyrin domain containing 3,1
myeloid YAP,1
CD11b A-domain,1
NADPH oxidase 2,1
glycoprotein 130,1
Rac1,1
IRF3,1
LXR ligands,1
polycomb repressive complex (PRC) 1 and 2,1
RING1A/B,1
IFN-dependent genes,1
Ki67 +,1
BATF3,1
microRNA (miR,1
BRAFV600E,1
mammalian Ste20-like kinase 1/2,1
IRAK2 Myddosome,1
miR-579,1
miR-98,1
Src,1
HNF1,1
ten-eleven translocation methylcytosine dioxygenase,1
nuclear,1
Ifn-/lipopolysaccharide,1
NFI-A mRNA,1
NFI-A GU-rich element (GRE)-binding protein,1
CUGBP1,1
Ago2,1
luciferase reporter construct,1
NFI-A 3'UTR fragment,1
NKG2D-ligand,1
RAE1,1
ACLY enzyme,1
hematopoietic transcription factors,1
CD4+ T-cell,1
Trastuzumab,1
M-BKO,1
Cbl,1
CDK1,1
4E-BP1,1
c-Cbl,1
Cd9,1
EGR,1
human epidermal growth factor receptor type 2,1
VEGF-A,1
BCL-2 family proteins,1
Gata2 zinc finger-1,1
ZnF1,1
integrin receptor,1
alpha-1 antitrypsin,1
Macrophage colony-stimulating factor,1
erythroid TF,1
TET2 gene,1
Src homology region 2 domain-containing phosphatase-1,1
NKG2D-Fc,1
SET domain containing,1
MLL fusion protein,1
type I interferon receptor I,1
NR4A Nuclear Receptors,1
BET protein,1
NR4A nuclear receptors,1
Mediator,1
Pol 2,1
HIV long terminal repeat,1
estrogen receptor alpha,1
p38 MAP kinase,1
monocyte/macrophage-derived miR-210,1
LC3+,1
SHP-1,1
sorting nexin 10,1
immunoreceptor,1
human FcRIIA,1
anti-FcRIIA F(ab')2,1
IVIg,1
PKR-like endoplasmic reticulum (ER) kinase,1
anti-tumor type I interferon,1
troponin,1
hematopoietic maintenance factor,1
PRC-,1
polycomb repressive complex,1
Src-family kinase,1
EVI1 mutations,1
ATP citrate lyase,1
CaV1,1
lysosomal acid lipase),1
endogenous RUNX1,1
TET3,1
oncogene H3 histone family member 3A,1
HIV LTR,1
"fructose-2,6-biphosphatas 3",1
Pfkfb3 promoter,1
TNF- and IL-6,1
TLR-4,1
ABCA1 mutants,1
Tet2,1
WT ABCA1,1
IL-3R,1
human apolipoprotein A-1 transgene,1
deubiquitinase,1
polycomb repressive complexes,1
RIG-I-like receptor,1
KMT2D tsg Lysine methyltransferase 2D,1
NSD1,1
Fc fragment,1
SIN3A,1
ZMYM3,1
Lysine methyltransferase 2A,1
KMT2B tsg Lysine methyltransferase 2B,1
UCEC,1
KMT2C tsg Lysine methyltransferase 2C,1
H3F3A,1
KANSL1,1
HNF1 SNP variants,1
complex class II,1
lactate/proton symporter,1
MiR-210,1
CDK9,1
IgG receptor IIA,1
Interferons,1
TLR 7-9,1
transcription factor ATF3,1
2 H3K36 methyl transferase,1
RIG-I-like receptors,1
ATF7IP,1
NADP-dependent IDH,1
LGG,1
Na+/K+,1
MYC protein,1
non,1
MYC target proteins,1
histone acetyltransferases,1
NRASG12D mutations,1
ASXL2,1
CREBBP,1
Type I interferons,1
AJUBA,1
MESO,1
programmed cell death receptor 1,1
Chromatin histone,1
tsg Lysine demethylase 5C,1
H3K4me2/3 demethylase,1
ARID5B,1
IRF9,1
Type I IFN,1
programmed death ligand 1,1
GZMK,1
interleukin 2,1
human IL-,1
IL-2 receptor-binding structure,1
IL-2 variant,1
MEN1,1
recombinant Bcl-2,1
EP300,1
NCOR1,1
CD3G,1
SAP,1
Mac-1 platelet binding complex,1
histone methyltransferase Mll1,1
Toll-like receptor 8,1
LDTF,1
OCT-binding motifs,1
POU2F2,1
activator protein 1,1
Adamts5,1
Variant Interleukin 2,1
Ly49H,1
NK cell activating receptor,1
interleukin-1 family members,1
NF-B1,1
C3aR,1
HO-1+,1
CC chemokine receptor type 2,1
Cd36,1
Bmp5,1
Bmp6,1
Etv5,1
Prex2,1
Ptprb,1
Egfl6,1
Itga8,1
Cxcl12,1
ISCU,1
microRNA (miR)-210,1
GZMM,1
PRF1,1
micrococcal nuclease,1
DEREG,1
Isocitrate dehydrogenase,1
SOD2,1
IFN- mRNA,1
EZH2 homolog,1
stellakines,1
Tlr4-/-,1
Ret,1
heat-shock protein 86,1
Tlr2-,1
Tlr7-/-,1
oxidized,1
TIR,1
KDM5 subfamilies,1
IL-1 receptor-associated kinase (IRAK)-1,1
Tollip protein,1
Ezh2,1
isocitrate dehydrogenases (IDH)1/2,1
Nras G12D,1
O2-dependent dioxygenases,1
Jumonji,1
DNA demethylases,1
NRASG12D,1
oncogenic NRAS,1
LC3B,1
autophagy gene Beclin1,1
L-2-hydroxyglutarate (HG)-dehydrogenase,1
p35,1
IL-12A,1
p40,1
IL-12B,1
ATP synthase,1
SOD2 deacetylase,1
NADP-,1
miRNA-204-5p,1
CA1,1
alpha-synuclein,1
myeloid-specific glucose transporter,1
myeloid GLUT1,1
PD-1 Antagonist Antibody,1
TIL,1
Granzyme B,1
LC3-II,1
"JARID1A, 1B, 1D",1
KDM6 subfamilies,1
Isocitrate dehydrogenase (NADP(+)) 1,1
tsg SET domain-containing,1
Ezh1,1
Netrin-1,1
Ntn1 fl/fl,1
LysMCre +/-;,1
Prdm16,1
PRAD,1
PPP6C,1
SETD2,1
CHD3,1
Lysine demethylase 6A,1
CHD4,1
CHD8,1
NIPBL,1
H3F3C,1
histone family member 3C,1
H1.4 DLBC,1
H1.4 LIHC,1
IDH1 Oncogene,1
Arginase-I,1
Oncogene,1
"NOD-, LRR- and pyrin domain-containing protein 3",1
LIC,1
IL-6 receptor,1
V-domain immunoglobulin suppressor of T-cell activation,1
triggering receptors expressed on myeloid cells 2,1
EZH1,1
UCP-1,1
Notch transcriptional,1
RBPJ,1
B cell lymphoma 2,1
FXa,1
protease-activated receptor 2,1
Hypoxia-Inducible Factor-2,1
HIF-2 gene,1
transcription factor 3,1
M IL-6,1
interleukin 32,1
Dectin,1
colony-stimulating factors,1
Prep 1 Homeodomain Transcription Factor,1
Egr-1 gene,1
tumor protein p53,1
hematopoietic master regulator RUNX1,1
Cd3e,1
sterile alpha motif and HD domain-containing protein-1,1
Vpx accessory virulence factor,1
ligase,1
DCAF1 substrate receptor subunit,1
SAMHD1 catalytic domain,1
SAMHD1 proteins,1
SAMDH1,1
ETO protein,1
Dectin-1,1
H3K27me2/3 demethylase,1
single immunoglobulin interleukin-1 receptor-related molecule,1
RNA Polymerase II,1
Hematopoietic transcription factor PU.1,1
CSFs,1
granulocyte-CSF,1
granulocyte-macrophage-CSF,1
CD36 gene,1
CD88,1
E2A gene,1
ADAR,1
ADAR1 p150 isoform,1
PRR nucleotide oligomerization domain 2,1
CD Nod2,1
p67phox,1
p47phox,1
nitric oxide synthase-2,1
TLR2(-/-),1
TLR4(-/-),1
adenosine deaminase,1
HSP90AB1,1
HSP90AA1,1
myeloid transcription factor PU.1,1
TDM,1
Matrix metalloproteinases,1
transforming growth factor (TGF)-1,1
anti-Gr-1 antibody,1
SIAH-1,1
TSAP6,1
Numb axis,1
macrophage-CSF,1
orphan nuclear receptors NR4A1,1
RUNX-binding,1
RARA,1
lysine-specific demethylase 1,1
CYP24A1,1
telomerase allele,1
C5a receptor,1
Ahr transcription start site,1
mir30,1
neuraminidase,1
soluble egg antigens,1
polycomb protein Bmi1,1
SEAs,1
LDLR(-/-),1
+(9;22)(q34;q11) BCR,1
monocyte chemotactic protein 1,1
intercellular adhesion molecule-1,1
CD68],1
programmed death ligands,1
programmed cell death-1,1
telomerase protein,1
IRE1,1
IL2r(-/-),1
Rag1(-/-),1
CRL4DCAF1,1
HIV/simian immunodeficiency virus (SIV) accessory virulence factor,1
myeloid-differentiation-associated genes,1
CCL23,1
Tcrb gene locus,1
myeloid differentiation 88 short,1
suppressor of cytokine signaling-1,1
Toll interacting protein,1
Igh gene rearrangements,1
CXCL6,1
B7,1
MLL rearrangements,1
EP67,1
CD36 gene proximal regulatory region,1
Toll-like receptor (TLR) 2,1
CCL20,1
tyrosine related protein 2,1
NLRP3 inflammasomes,1
enhanced green fluorescent protein,1
granulocyte macrophage colony-stimulating factor,1
Rbpj,1
small-molecular-weight GTPase,1
Rab7 GTPase protein,1
TNFAIP8 family members,1
immune CCR5,1
Ifnr1-/-,1
SOCS1 kinase inhibitory region,1
v-raf oncogene,1
TIPE2,1
transcription factor YY1,1
HD1A,1
S100A9 mRNA,1
Notch2-IC,1
fatty acid translocase,1
LDLR,1
Suppressor of cytokine signaling 1,1
PD-,1
Serine palmitoyltransferase,1
serine palmitoyltransferase,1
abl,1
bcr,1
ACTB,1
b3a2 peptide-specific TCR,1
granulocyte-macrophage-colony stimulating factor,1
CCL18,1
PKR,1
E47,1
H3K4(me2,1
protooncogene FoxM1,1
S6,1
b3a2 peptide,1
programmed cell death 1 ligand 1,1
H3K27Me3,1
inositol-requiring enzyme 1,1
"zinc finger MYND (Myeloid, Nervy and DEAF-1)-type containing 8",1
CD40 ligand,1
CD40L,1
interleukin-15,1
and -catenin,1
Wilms tumor 1,1
CXCL4,1
mTOR N,1
VE-cadherin promoter,1
ALAS2,1
miR-580,1
GF-,1
TGFalpha,1
Bv8,1
nuclear factor-kappaB,1
EphA5,1
Angiomotin,1
TRA-1-81,1
Yamanaka factor,1
Core factor,1
Toll receptor,1
anti-PD-1 antibody Nivolumab,1
HRE,1
c-,1
BLVRB,1
mouse Ifnr1,1
SET translocation (myeloid leukemia-associated) (SET) similar protein,1
transforming growth factor 1,1
Nexin 10,1
TIMP-3,1
"DmiR-580, 588 or 190",1
miR190,1
"miR-580,",1
LXR-,1
"CXCL9, 10, and 11",1
S196A,1
myeloid cell,1
M-S196ALdlr-,1
Tp53,1
Pdx1,1
colony stimulating factor 1 receptor,1
paired box gene 5,1
S100a9 gene,1
ZMYND8 promoter,1
HDAC1,1
myeloid-targeting Lyz2,1
monocyte chemoattractant protein 1,1
Orphan Nuclear Receptor ERR,1
PDL-1,1
Ptcra,1
PD-1 ligands,1
FLT3 ligand,1
human leukocyte antigen,1
Toll-IL-1R,1
Rosa26 reporter,1
hypoxia-inducible factor-1alpha,1
pyruvate dehydrogenase complex,1
Flp,1
interleukin [IL]-4,1
GPI,1
TRA-1-60,1
suppressor of cytokine signaling (SOCS)-1,1
Histone deacetylase,1
Gadd45 genes,1
Gadd45alpha,1
ATM(+),1
ATM(,1
kinase-dead ATM,1
Gadd45,1
loxP,1
Gr-1(+),1
Jag1,1
TANK binding kinase (,1
SIKE,1
DNA methyltransferase enzymes,1
Tlr5-/-,1
1R-associated kinase-M,1
Pu.1,1
SHIP-1,1
IkappaB-alpha,1
Tollip in,1
MD-2,1
NF-kappaB,1
Gata1(-,1
TBK)1,1
POU5F1,1
GEMM,1
CD4C/N1(EC,1
CD235a,1
CD41a,1
SARM,1
ROSA26,1
Ataxia-telangiectasia mutated,1
Rag-/-,1
vitamin D receptor,1
VDR,1
anti-apoptotic myeloid cell leukemia 1 protein,1
C/EBP-epsilon(14,1
eosinophil promoters,1
C/EBP-epsilon(27),1
IL-10 receptor,1
MLL gene,1
N1(IC),1
FLT3-kinase,1
FLT3 receptor,1
MCL-,1
MLLgnant,1
MCL-1 protein,1
GRB-2,1
FLT3_ITD627E receptor,1
myeloid differentiation primary response gene-88,1
C/EBP-epsilon(32/30) isoforms,1
tumor necrosis factor (TNF) receptor-1a,1
Notch1 ectodomain,1
cyclooxygenase-2,1
retinoic acid receptor alpha,1
B-cell receptor,1
beta-catenin,1
PML),1
C/EBP-epsilon(32/30),1
interleukin-5,1
C/EBP-epsilon(27) isoform,1
C/EBP-epsilon(14) repressor isoform,1
chemokine CCL22,1
TBK1 kinase,1
DNA methyltransferases,1
secondary lymphoid organ (SLO,1
Tg,1
nuclear factor kappaB,1
myeloid-specific transcription factors,1
early B-cell factor,1
EBF,1
Deltex1,1
CCAAT/enhancer-binding-protein-alpha,1
B cell transcription factor Pax5,1
T-cell factor,1
alpha and Armadillo motif-containing molecule,1
suppressor of IkappaB kinase-epsilon,1
HP1,1
shStat3 sequences,1
human mixed-lineage leukemia-,1
NFkappaB-activating kinase,1
chemokine receptor CCR7,1
IL-6 antibodies,1
TLR 9,1
CD83(+,1
anti-IL-6 antibodies,1
DC-SIGN,1
shStat3,1
mfa-1 fimbriae,1
protein lysine methyltransferase,1
survivin,1
wild type MLL,1
MLL-fusions,1
MLL re-arrangements,1
PTD,1
MLL proteins,1
matrix-metalloproteinase MMP-9,1
CD4C,1
B-cell commitment transcription factor,1
csf1r,1
MLL-PTD,1
Erk proteins,1
human signal-regulatory protein,1
DAP12-associating lectin-1,1
triggering receptor,1
Cluster of Differentiation 163,1
Stat3-targeting short hairpin RNA,1
Neuraminidase,1
HP1 isoforms,1
Erk,1
MAPK1/3,1
C/EBPbeta,1
pluripotency factors,1
Sp factors,1
WT p53,1
RNAPII,1
MAPKK1/2,1
cyclic AMP-responsive element-binding protein,1
MAPK8/9,1
N-Myc,1
murine MYCN gene,1
heat,1
"HP1alpha, -beta, -gamma",1
TLR1,1
p-p38,1
"mono-, di-, and trimethylated histone H3 lysine 9",1
5mC oxidases,1
tumour necrosis factor-alpha,1
Ten-eleven translocation (TET)1,1
IFN regulatory factor (IRF)-3,1
vascular endothelial growth factor receptor-2,1
cluster of differentiation (CD) 4+,1
N-Myc downstream regulated gene 1,1
p27Kip1,1
rIL-1,1
interferon regulatory factor 8,1
myeloid Irf8,1
stem cell leukemia,1
Bmi1(+,1
SSEA-4,1
CD300LF,1
IRAK-,1
TNF- promoter,1
HP1 proteins,1
IB,1
myeloid precursor-specific antigens,1
lmo2,1
Isocitrate dehydrogenase 1 and 2,1
mpo,1
recombinant VEGF,1
heterochromatin antigenic protein markers,1
Oct4 promoter/regulatory region,1
VEGF receptor 1,1
triggering receptor expressed on myeloid cells,1
Ig superfamily,1
chemokine receptors,1
mixed lineage leukemia gene,1
Mixed lineage leukemia protein,1
Serum TNF,1
p-JNK,1
matrix metalloproteinase (MMP)-2,1
IRAK4(KDKI),1
pre,1
transforming and growth factor,1
myeloid serine protease,1
lysine demethylases,1
Activator Protein 1,1
N-Cadherin,1
Transcriptional,1
NF-B inducing kinase,1
Mcl,1
HXK2,1
MALAT1,1
Hexokinase 2,1
TNF receptor-associated factor 3,1
lincRNA-21,1
cdk4,1
Caspase,1
lal-/-,1
Caspase-3,1
topoisomerase II,1
late endosome/lysosome-associated small GTPase,1
DDR,1
Diphtheria toxin,1
Kras mutant,1
mammalian,1
human Mf,1
granzymeB+,1
DEAF-1,1
Tgfb2,1
MUC1,1
chemokine gene MIP2-alpha,1
myeloid,1
EGR1,1
GLUT-1,1
ETR101,1
Nervy,1
Endothelial Rab7 GTPase,1
lysosomal,1
AMPK1,1
HAdV-C5 and -A12 E1A proteins,1
c-jun,1
CALR gene,1
HAdV E1A proteins,1
GLS1 splicing variants,1
E1A Proteins,1
EP1-,1
AIM2 inflammasomes,1
Ig-like immunoregulatory receptor family,1
triggering receptor expressed on myeloid cells (TREM)-1,1
Emu-myc transgene,1
B cell lymphoma-2,1
E-TCL1,1
Ph1,1
CONCLUSIONS M Fatp1,1
MYND,1
Programed death-1,1
glutaminase C,1
Gfi1 genes,1
granulocyte-macrophage-colony stimulating,1
anti-CTLA-4 antibodies,1
myc,1
IRAK1/4,1
oncogenic FLT3 kinase,1
Ptf1aCre/+,1
GLS1,1
Tgfbr2flox/flox,1
Hypoxia-inducible factor,1
sirtuin-1,1
E7107,1
myeloid-specific oncoprotein,1
immunoglobulin gene,1
programmed cell death,1
HAdV-A12 E1A,1
HAdV-C5,1
CALR 52bp deletion,1
zinc-finger transcription factor,1
forkhead box P3,1
Hhex,1
Kit+,1
transforming growth factor-,1
acetylcholinesterase,1
CTX014,1
extracellular signal-regulated kinase 1/2,1
signal transducer and activator of transcription,1
programmed death-1,1
Runx1,1
ASXL1 p.R693X mutation,1
T-cell immunoglobulin mucin-3,1
CTL-associated antigen-4,1
DNMT1 promoter,1
CDH1,1
IFN-R,1
signal transducer and activator of transcription 1,1
iC9,1
Icm,1
Proteinase 3,1
LDL,1
Pofut1,1
SREPB1/2,1
DNMAML,1
human programmed death receptor-1,1
lysozyme,1
Blimp1,1
ABL oncogene,1
Ag,1
Ab,1
IL15,1
Poly(I:C,1
TLR4fl/fl,1
receptor tyrosine kinase,1
Chi3l3,1
Serum Response Element Binding Protein 1 and 2,1
high-density lipoprotein,1
histone H3K4,1
diphtheria toxin,1
mechanistic target of rapamycin complex 1,1
polycomb,1
anti-Jagged1/2,1
BCL,1
Nod-like receptor family protein 3,1
DNMT1 protein,1
enhancer of trithorax and,1
Anti-CD33,1
leukocyte,1
EBV latent membrane protein 1,1
anti-PD-1 F(ab)2 fragments,1
Dot,1
ETP,1
oncogenic Kras,1
nuclear factor for activated T cells 1,1
tumor-necrosis-factor-alpha,1
cytochrome b,1
itgb3,1
sex comb-like 1,1
myeloid Fatp1,1
MLL fusion proteins,1
M Fatp1,1
M fatty acid transport protein 1,1
LysM-Cre+/-/,1
NOTCH1 mutations,1
keyhole limpet haemocyanin,1
Slc27a1,1
v-raf oncogenes,1
human PR3,1
Poly(I,1
v-raf,1
NFATc1 promoter,1
endothelial NOS,1
c-myb,1
M-CSF receptor,1
IEX-1L,1
Jagged1/2,1
Triggering Receptor Expressed on Myeloid Cells-1,1
Early region 1A,1
HAdV early genes,1
HAdV-C5 E1A,1
anti-CTLA-4 mAb,1
Jumonji domain-,1
macrophage colony-stimulating factor,1
Myeloid differentiation primary response gene 88,1
IL,1
Mechanistic Target of Rapamycin,1
ureohydrolase,1
Ldlr-,1
Interferon regulatory factor 5,1
ICI,1
SREBP1/2,1
major histocompatibility complex molecules,1
Anti-CTLA-,1
low-density lipoprotein (LDL) receptor,1
CD33 myeloid antigen,1
Arginase 1,1
CAR.CD33,1
Prdm1,1
Nuclear factor (erythroid-derived 2)-like 2,1
myeloid-related protein (MRP)-14 mRNA,1
annexin A1,1
HIF-,1
GLS isoenzymes,1
myeloid growth factor,1
tryptophan dioxygenase,1
CAG-EGFP,1
mobility group box 1 protein,1
GTPases,1
MRP-14 protein,1
haematopoietic stem-,1
"Indoleamine 2,3-Dioxygenase",1
"indoleamine 2,3-dioxygenase-1",1
BCAT1 transcript,1
TSG6-/-,1
IDO2,1
podoplanin,1
MyD cDNA clones,1
immediate early response genes,1
KIR,1
Arg-1,1
15-hydroxyprostaglandin dehydrogenase,1
cyclin-dependent kinase 4,1
OVA Ag,1
DRP-1,1
P-selectin,1
Glutaminase,1
IL-3 receptor,1
Nlrp3-/-,1
oxidized low-density lipoprotein,1
p16,1
human CD33,1
VEGF-C,1
oxLDL,1
vascular endothelial growth factor-C,1
RUNX1 DNA-binding domain,1
cytosolic aminotransferase,1
FLT3-ITD-mutant,1
Musashi2,1
TRIF-dependent genes,1
Platelet,1
TRIF-adaptor,1
cytochrome C oxidase,1
toll-like receptor-4,1
interferon regulatory factor 7,1
Toll-like receptor-4,1
TGF receptor II,1
let-7 miRNA,1
Tsc2,1
immunoglobulin domain,1
chicken ovalbumin,1
v-akt murine thymoma viral oncogene homolog,1
TAg,1
Human Proteinase 3,1
anti-MDSC antibody RB6-8C5,1
high mobility group box 1,1
programmed cell death-ligand 1,1
LIN28B protein,1
let-7 mRNA family,1
type 2 cytokines,1
mucin domain-,1
pyruvate kinase isozyme M2,1
PRL-3 phosphatase,1
PDPN,1
let-7a miRNA,1
myeloid-related protein S100A9,1
macrophage specific DNA methyltransferase (DNMT)3B,1
programmed cell death protein ligand 1,1
rFlt3L,1
rIL-7,1
activating transcription factor 6,1
tuberous sclerosis 2,1
BclXL,1
Mutant GATA-1,1
Bcl2,1
15-PGDH,1
microsomal PGE2 synthase 1,1
pancreatic ER kinase,1
Ly-,1
ABLp210,1
12/15-lipoxygenase,1
FoxM1,1
Liver X receptors,1
TYRO3,1
LXRs,1
LDL receptor,1
Protein tyrosine phosphatase PTP1B,1
ATF6,1
CARs,1
mitochondrial Hsp90,1
PU-H71,1
connexin43,1
CBX3,1
UCOE,1
mucolipin-1,1
p21CIP1,1
LysM-PTP1B-/-,1
extracellular-regulated protein kinase 5,1
agonist &alpha;-Notch 2 antibody,1
PTP4A3,1
Mcoln1,1
Gadd45b,1
gene encoding Fms-related tyrosine kinase 3,1
human adeno-associated virus integration site 1,1
FLT3-ITD+,1
GADD45B,1
EVI-1,1
NPM1 mutation,1
FAO enzymes,1
E-Myc,1
lysosomal Ca2+ channel,1
pannexin-1,1
erk5,1
equilibrative nucleoside transporter 1,1
isocitrate dehydrogenases,1
Oct3/4,1
transcription factor Klf4,1
FRA1,1
IDH1 R132H mutation,1
BMP,1
thymus and activation-regulated chemokine,1
ASXL1 gene,1
SHP1/2,1
R693X mutation,1
GLUT1 protein,1
LYVE-1,1
TGF-1 Gene,1
p16INK4a,1
TAM receptors,1
zinc finger nuclease,1
connexin37,1
Protein S,1
MLL1 protein,1
ectonucleotidases,1
ADP-,1
Heat Shock Protein-90,1
CD39-/-,1
IFN-+,1
Bcl-,1
MiR-3662,1
hyaluronan receptor-1,1
IL-3 antibody,1
Phosphoenolpyruvate carboxykinase,1
vascular endothelial growth factor receptor-3,1
mutant isocitrate dehydrogenase 1/2,1
acetyl-CoA carboxylase (ACC) 1 and 2,1
MyD genes,1
PROX1,1
lysine methyltransferase 2A,1
mitochondrial Hsp90 homolog,1
IFNGR2,1
phosphoenolpyruvate carboxykinase 1,1
TRAP1,1
NF-B effector molecule,1
tyrosine kinase receptors,1
A2a receptor,1
Macrophage-Derived Protein S,1
trithorax complexes,1
adenosine receptor,1
Socs1fl,1
interleukin-,1
trithorax,1
histone genes,1
NF-E2 gene,1
Hsp90 co-chaperone complex,1
LEC genes,1
Ifnr1,1
Recombinant interferon,1
IGFBP2,1
IFNGR1,1
PSPH,1
interferon gamma receptor 1 or 2,1
MyD gene,1
PHGDH promoter,1
prostaglandin EP2 and EP4 receptors,1
C/EBP-epsilon activator and repressor isoforms,1
matrix metalloproteases,1
Timp3,1
mitogen-activated protein (MAP)/extracellular signal-regulated kinase (ERK) kinase,1
adenosine monophosphate-activated protein kinase,1
Mirt2,1
A2b receptor,1
miR-142-3p,1
Dicer,1
Col4a2,1
Spry1,1
Csf1r+,1
CSF2RB mutations,1
MEK) 1/2,1
nuclear factor of activated T cells,1
chemokine genes,1
-CSF,1
NOTCH1 intracellular domain,1
NICD1,1
pyruvate dehydrogenase phosphatase 1,1
M1 gene,1
dectin-1,1
friend,1
CD157,1
T-cell receptors,1
Dnmt3b,1
H4 K16,1
IL-8 mRNA,1
myeloid differentiation primary response protein,1
adapter inducing,1
cytokine,1
TGF--activated kinase,1
CD25(+),1
linker histones,1
KC,1
nuclear factor-erythroid-2,1
MYD88,1
"fructose-2,6-biphosphatas",1
Bax(-/-),1
CD45 promoters,1
Bcl-2 family,1
HMac M1,1
Erythropoietin,1
BCR-ABL1,1
CSF1R mAb,1
mye),1
mesenchyme homeobox 1,1
Mitochondrial calcium uniporter,1
mitochondrial Ca(2+) uniporter,1
"nucleotide-binding domain, leucine-rich repeat containing family",1
pyrin,1
interleukin (IL)-1,1
flagellin,1
endosomal sorting complex required,1
SRC-kinase,1
linker histone H1 proteins,1
TBK,1
MD2,1
Pellino-1 mRNA,1
Interleukin-3,1
myeloid-specific hematopoietic cell kinase,1
interleukin (IL)4,1
Scid,1
SHP1/2 phosphatase,1
IDH mutants,1
mutated IDH enzymes,1
SRC,1
Flk-1,1
MegE,1
thrombopoietin receptor,1
interleukin 4,1
myeloid-cell-forming complex,1
CD66b,1
Nucleostemin,1
EPCR,1
Pax-6,1
Ezrin,1
RUNX1c,1
SCL,1
gamma interferon,1
THRIL,1
NFI-,1
let-7e,1
iNOS gene,1
PECAM-1,1
TANK-binding kinase,1
Toll-like receptor (TLR) 4,1
LILRB2-Receptor,1
Myeloid DNA methyltransferase3b,1
anti-CD40,1
histone H1,1
IFN- transgene,1
TAK,1
ETS family factor,1
CD45 gene,1
CD45 regulatory elements,1
DNase,1
GFP reporter,1
Pluripotency factors,1
hemopoietic lineage switch 5,1
gamma and beta globins,1
CD144,1
haemoglobin F,1
VEGFA,1
TAA ovalbumin,1
Run1t1,1
"ring finger, B box, coiled-coil",1
Hlf,1
endogenous RT,1
isocitrate dehydrogenase 1 and 2,1
endogenous PU.1,1
homeobox genes,1
peptidylarginine deiminases,1
PADIs,1
core histones,1
PAD4,1
PADV,1
PADI,1
linker histone H1 variants,1
H1,1
wild type IDH,1
microRNAs 34a and 223,1
Ahr promoter,1
BCR-ABL1 gene,1
Dot1L,1
alpha globin,1
miRNA 34a,1
C/EBPalpha and beta,1
Mac-,1
Prdm5,1
Zfp37,1
Mycn,1
TNFR-associated factor 6,1
Alu,1
APOBEC3D,1
GLI1,1
AZIN1 transcripts,1
RT-coding genes,1
B.henselae adhesin A,1
SIRT1 deacetylase,1
IFN regulatory factor 3,1
Toll-like Receptor (TLR) 2,1
CDH2,1
HIV-1 gp120,1
recombinant HIV-1 R5 gp120,1
Acid Sphingomyelinase,1
acid sphingomyelinase,1
MPP2,1
MPP3,1
MPP,1
MPP4,1
ADARs,1
adenosine deaminases,1
system L amino acid transporters,1
tocilizumab,1
Ikzf3,1
lymphoid transcription factor Lef1,1
p-ERK,1
Nuclear heme oxygenase-1,1
small Guanosine Triphosphate-binding proteins,1
2&#x27;-O-methyltransferase fibrillarin,1
FLT3-ITD mutation,1
chemokine (C-C motif) ligand 7,1
thrombospondin 1,1
TSP1,1
normal RUNX1 cDNA sequences,1
RUNX1 mutation,1
transcription activator-like effector nuclease,1
STAT3 pathway genes,1
pSTAT3,1
RT enzymes,1
IL6-neutralizing antibody,1
Arg1 promotor,1
ETC complex II,1
p19ARF,1
NF-B subunit,1
integrase,1
CD274,1
HAVCR2,1
endoglin,1
TGF receptor,1
human CD105 CAR,1
L1,1
CD11b(+,1
FBL,1
ACTN4,1
HSPGs,1
Poly(ADP-ribose) polymerase,1
ONP-302,1
CCAAT enhancer-binding protein-epsilon,1
VEGFs,1
CD115+,1
B7H3,1
TET proteins,1
amino acid transporter mRNAs,1
NFKB1,1
actinin alpha 4,1
pro,1
18S-guanosine 1447,1
MULE,1
mTOR complex 2,1
MCP-Induced Protein 1,1
MCP-induced protein 1,1
Regnase,1
RNase,1
Heparin-sulfate proteoglycans,1
rRNA 2,1
Mrpl13,1
Chitinase-3-like protein 1,1
cytotoxic T lymphocyte-associated protein-4,1
DGKA,1
Pyruvate Kinase M2,1
Pyruvate kinase M2,1
EBF1,1
FOXO3,1
MIP-1,1
Chitinase-3 like-protein-1,1
anti-PD-L1 monoclonal antibodies,1
PD-1 molecules,1
TGF- receptors,1
Atg7,1
pyruvate dehydrogenase E1 component subunit alpha,1
Respiratory Complex II,1
TGF- Inhibitor,1
CBR1,1
SDHAF1,1
Pax8-cre,1
CD45(+),1
LSL-,1
serpin family G member 1,1
Ptf1a(cre/+),1
nuclear factor-erythroid 2 related factor 2,1
signal regulatory protein,1
CD24,1
SIGLEC-10,1
LILRB1,1
protein kinase RNA-like ER kinase,1
K-rasG12D,1
PDCD1,1
HLA-DQ,1
CLEVER-,1
succinate dehydrogenase assembly factor 1,1
Siglec-15,1
Kras(G12D/+;,1
P21,1
Tgfbr2(flox/flox,1
Map2k1,1
Lrrc15,1
Ly6a,1
Cd34,1
human cathelicidin peptide LL-37,1
cathelicidin family,1
Elongator complex,1
FoxO1,1
mitochondrial ribosome large subunit proteins,1
Mrpl3,1
PNPLA6,1
Nlrp3,1
Toll-Like Receptor 4,1
Atg7 (,1
phosphoserine aminotransferase 1,1
LDLRAP1,1
Interferon regulatory factor 8,1
oncogenic KrasG12D,1
CD3(+),1
LY75,1
Annexin-V,1
VEGFR,1
Bcl2 family,1
Krppel-like Factor 4,1
MLL-target genes,1
helicase,1
KrasG12D oncogene,1
myeloid DNMT3B,1
p53 targets,1
p53 tumor suppressor,1
protein arginine methyltransferase,1
PRMT,1
PRMT family,1
Prmt7,1
glycine decarboxylase,1
histone arginine,1
anti-IL-1 mAb,1
transforming growth factor beta 1,1
CD8(+) T cell effector molecules,1
MRCSR,1
hTERT gene,1
LAM,1
LINC00978,1
stearoyl-CoA desaturating enzymes,1
protein BIM,1
miR-548s,1
transforming growth factor beta,1
Sparc,1
IL17,1
Rab,1
CEBP-,1
runt-related transcription factor 1,1
granulocyte colony-stimulating factor 3 receptor,1
CXXC finger protein 4,1
CXXC4,1
ten-eleven translocation,1
RUNX1 genes,1
CXXC4 gene,1
CEBP family,1
XCR1(+),1
XCR1-ligand,1
XCL1,1
"fructose-1,6-bisphosphatase 1",1
CCAAT/enhancer-binding protein-,1
C-X-C motif chemokine receptor-4,1
C/EBP isoforms,1
CXCR4(+),1
Colony-stimulating factor 1 receptor,1
Ric8b,1
Mrpl47,1
LSC,1
FLT3 mutations,1
Canakinumab,1
FBP1 transgene,1
P53 promoter,1
cytochrome c oxidase subunit 2,1
MT-CO,1
PTEN-induced kinase,1
PINK1,1
C-X-C motif chemokine ligand-12,1
Runt-Related Transcription Factor 1,1
cytotoxic T lymphocyte-associated protein 4,1
chimeric antigen receptor T,1
Rac,1
farnesyl pyrophosphate synthase,1
CD14 (+,1
Mettl14 gene,1
BCL2-family genes,1
Myd88 mRNA,1
associated protein 9,1
PUMA promoter,1
pP65,1
PRC1 complex,1
CBX2 RNA,1
Glycerol-3-phosphate acyltransferases,1
GPATs,1
GPAT isozymes,1
Afp,1
Cdh17,1
protein kinaseC,1
Bruton,1
BCR-ABL,1
phosphoglycerate kinase promoter,1
H3K79 methyltransferase,1
"Ring finger, B box, coiled-coil",1
IFN--,1
MBNL,1
CD44 transcript variant 3,1
humanized pan-CD44 monoclonal antibody,1
breakpoint cluster region - ABL proto-oncogene 1,1
nonreceptor tyrosine kinase,1
FLT3/ITD,1
Rho,1
FAO-related genes,1
granulocyte CSF,1
cellular Bcl-2 proteins,1
microRNA-34a,1
SV40LT,1
HoxA9,1
VDJH,1
immunoglobulin (Ig),1
multidrug resistance 1 gene,1
M-,1
CD206(+,1
Muscleblind-like,1
human MDR1-cDNA,1
CD152,1
protein arginine N-methyltransferase,1
positive transcription elongation factor b,1
RNA polymerase (pol) II,1
olfactomedin 4,1
EBP alpha,1
interleukin-1R-associated kinase 1,1
C/,1
H3K79(me3) histone methyltransferases,1
HMT,1
histone acetyltransferase,1
human CDD-cDNA,1
RNA Pol II,1
prerearranged TCR,1
Ahr promoter chromatin,1
B,1
P-STAT3,1
PRC2 Complexes,1
chemotherapy,1
multidrug resistance 1,1
H3K4(me3),1
OLFM4,1
Golgi-Associated Plant Pathogenesis-Related Protein,1
PU.1 siRNAs,1
-globin,1
tumor necrosis factor receptor,1
homeodomain transcription factors,1
NOX2 locus,1
gp91phox transgene,1
AAVS1-specific zinc-finger nucleases,1
myelo-specific gp91phox cassette,1
gp91phox mRNA,1
DNMTIs,1
CD14 gene,1
paired box 5,1
PBX1,1
GATA-binding site,1
VPREB1,1
PAX5 gene,1
Transcription factor,1
BCL2-specific,1
Aquaglyceroporin 9,1
endogenous Meis,1
TIF2,1
steroid receptor RNA activator,1
Steroid Receptor RNA Activator,1
anti-cytotoxic T lymphocyte antigen-4 antibody,1
glycoprotein 130 cytokines,1
CTLA-4 antibody,1
Bruton Tyrosine Kinase,1
Bruton tyrosine kinase,1
FcR(+),1
Type I Interferon,1
myelo-specific gp91phox transgene,1
Golgi-Associated plant Pathogenesis-Related protein,1
TLR4 signaling complex,1
Mixed lineage leukemia-1,1
interleukin-2 and interleukin-6 receptors,1
cellular integrins,1
growth factor receptor,1
proapoptotic Bax,1
Bax,1
AF4 complex,1
CD28,1
interleukin 10,1
scavenger receptor type B family,1
TGF-beta-activated kinase 1,1
TNF receptor-associated factor 6,1
IkappaB kinase gamma,1
TNF receptor-associated factor (TRAF) 6,1
HOXB genes,1
GATA-3,1
92 TCRs,1
NF-B reporter,1
TERT,1
myeloid transcription factors,1
DPPA4,1
PODXL,1
TLR2/6,1
FOG-1 transcription factors,1
Gr,1
MicroRNA-150,1
thrombospondin-1,1
c-kit,1
Pu,1
CCAAT enhancer-binding protein alpha,1
phytohemagglutinin,1
C/EBP mutants,1
cellular Mcl-1,1
Cellular Bcl-2 Family Proteins,1
B7-2,1
PcG,1
B and T cell receptors,1
FXIII-A,1
TCRs,1
polycomb group,1
Arf genes,1
Gfi1,1
Bmi1(-/-,1
myeloid factors,1
WD repeat domain 5,1
mammalian Trithorax,1
pluripotency transcription factor Oct4,1
trxG members,1
gp91(phox),1
NADPH-oxidase,1
H4,1
zinc finger transcription factors,1
"T-, B-, myeloid-, or stem/progenitor-cell markers",1
Cxcl9 gene,1
CEBPA gene,1
/,1
Fzd,1
CXC chemokine ligand 9,1
AE oncoprotein,1
myeloid transcription factor PU,1
truncated AE,1
MCP-5,1
Cxcl10 genes,1
Human C/EBP-epsilon,1
C/EBP-epsilon,1
CCAAT enhancer binding protein alpha,1
interleukin-2 receptor,1
AML1-,1
NKG2D ligands,1
C/EBP beta,1
TAB1,1
A20 shRNA,1
B7-1,1
myeloid differentiation response gene 88,1
Fzd homologs,1
Frizzled,1
Delta,1
HOXB4,1
HOXB5,1
HOXB2 genes,1
histones H3,1
TCR chains,1
RAG2(-/-),1
intracellular Notch,1
CD122,1
TGF--activated kinase (TAK) 1,1
IB kinase,1
Fzd1 mRNA,1
histone 3 lysine 4 (H3K4) methyltransferase,1
Mll2,1
Iap elements,1
H3K4 methyltransferase,1
H3K4 methyltransferases,1
Frizzled1,1
NR3B1,1
CCR7 ligand,1
reverse transactivator protein,1
CD95,1
F1-ATPase,1
P-TEFb,1
Foxp3 gene,1
cytotoxic T-lymphocyte antigen-4,1
fumarate hydratase,1
tumour necrosis factor receptor 1,1
TNFR1,1
receptor-interacting protein (RIP)1,1
CXCL9 and 10,1
antiapoptotic,1
cytoplasmic SAP130,1
histone deacetylase complex,1
rtTA2S-M2,1
c-Jun NH(2)-terminal kinase,1
Mitogen-activated protein (MAP) kinases,1
MYC mRNA,1
chemokine ligand 2,1
SAP130,1
glucose transporter (GLUT)-1,1
TGF--activated kinase 1,1
zinc finger protein,1
macrophage-colony stimulation factor,1
ETS Factors,1
NR4A subfamily,1
orphan nuclear receptors,1
ETS transcription factor motifs,1
p300 histone acetyltransferase,1
histone H3K27,1
cancer testis antigens,1
p38 mitogen-activated kinases,1
GP33,1
H4R3 methyltransferase,1
secreted phosphoprotein 1,1
IFN CXCL9 and 10,1
FIII,1
M2 gene,1
Pou3f4,1
FGRS genes,1
IL-4R(+,1
IL-4R(+),1
SINE,1
FGRS transgenes,1
microsomal stress protein,1
Nuclear factor erythroid 2-related factor 2,1
HO-,1
glycogen synthase kinase 3,1
NQO1,1
myeloid growth factor receptor,1
FOSB,1
hMPP,1
GATA1 protein,1
transforming growth factor,1
Ly6c,1
FOS,1
IRFs,1
FoxP3,1
MicroRNA 21,1
Interferon regulatory factor-2,1
miRNA 21,1
Rfp,1
IFN-inducible genes,1
IFN (interferon) regulatory factors,1
Tif-1alpha,1
IL-4 receptor,1
CD14(,1
NHEJ,1
B1,1
Fizz 1,1
MLL-AF9 fusion gene,1
Mgl,1
DNA ligase 4,1
DNA-protein kinase catalytic subunit,1
Mll1-dependent genes,1
O(6)-methylguanine DNA methyltransferase,1
Pml,1
MGMT(P140K)-cDNA,1
PGK-,1
SFFV promoters,1
PGK promoter,1
aldehyde dehydrogenase,1
Herf1,1
HIF2,1
immunoglobulin heavy (,1
EpiSC,1
miR-148a inhibitor,1
Toll-interleukin-1R domain-containing protein,1
TIR domain-containing adapter,1
PU-1 gene,1
MOZ,1
RNA polymerase II,1
glycoprotein 130 family,1
cytokine signaling (SOCS)1,1
DNMT1 gene,1
poly,1
mixed-lineage leukemia 1,1
148ai,1
CD44 variant isoform v6,1
IL-11,1
CIC,1
DNA-PKcs,1
PKcs,1
Histamine H2 Receptor,1
scavenger,1
Notch1 target gene DTX1,1
CYBB,1
CXCL-8 mRNA,1
myeloid differentiation factor-2,1
nuclear factor-B-binding kinase-1,1
tumor necrosis factor receptor activator,1
NADPH oxidase,1
trithorax group,1
polycomb repressive complex 2,1
PRC2) complexes,1
SRA-associated RNA helicase,1
TrxG complex,1
PRC2 complexes,1
CTCF sites,1
histamine type-2 (H2) receptors,1
retroviral Meis1,1
interleukin-1R,1
H3K9 demethylase,1
Flp recombinase,1
Pellino proteins,1
Toll-like receptor 2,1
Hi-MYC,1
MLL1 dimers,1
histone H3K4 methyltransferase,1
Granzyme B(+,1
PPP,1
MDSC,1
CD19 B lineage receptor,1
Ebf1,1
VCAM,1
lncRNA SRA,1
LDL cholesterol,1
"tumor necrosis factor-, interleukin-6 mRNA",1
CCL5 gene,1
VLA-4,1
IDH2 genes,1
monoclonal anti-IL6 antibody,1
thrombin,1
matrix metalloproteinase-3 and/or -7,1
MMP-3 and/or -7),1
cytosolic IDH1,1
mitochondrial IDH2,1
Wild-type IDH,1
miR-155 target transcripts,1
dioxygenase,1
RISC,1
CTLA-,1
anti-MARCO monoclonal antibody,1
inhibitory Fc-receptor,1
FcRIIB,1
poly-,1
NCF2,1
suppressor of,1
DNA methyltransferase (DNMT)1,1
MicroRNA-148a,1
RNA-induced silencing complex,1
programmed death receptor-1,1
DNA repair gene,1
OKSM(L,1
leukemic,1
STATe,1
Colony stimulating factor-1,1
CSF-,1
K-ras-Mutant,1
Mutant IDH enzymes,1
FAM,1
